{"0": {"0": 0.005237579345703125, "1": 0.005237579345703125, "2": 0.005237579345703125, "3": 0.0018596649169921875, "4": 0.0253448486328125, "5": 0.0253448486328125, "6": 0.0007624626159667969}, "1": {"0": 0.040130615234375, "1": 0.040130615234375, "2": 0.040130615234375, "3": 0.003543853759765625, "4": 0.0517578125, "5": 0.0517578125, "6": 0.0029087066650390625}, "2": {"0": 0.09912109375, "1": 0.09912109375, "2": 0.09912109375, "3": 0.006809234619140625, "4": 0.08172607421875, "5": 0.08172607421875, "6": 0.005558013916015625}, "3": {"0": 0.11944580078125, "1": 0.11944580078125, "2": 0.11944580078125, "3": 0.01012420654296875, "4": 0.103271484375, "5": 0.103271484375, "6": 0.008514404296875}, "4": {"0": 0.182861328125, "1": 0.182861328125, "2": 0.182861328125, "3": 0.01214599609375, "4": 0.1239013671875, "5": 0.1239013671875, "6": 0.01220703125}, "5": {"0": 0.203125, "1": 0.203125, "2": 0.203125, "3": 0.018341064453125, "4": 0.144775390625, "5": 0.144775390625, "6": 0.0171356201171875}, "6": {"0": 0.2330322265625, "1": 0.2330322265625, "2": 0.2330322265625, "3": 0.020477294921875, "4": 0.1624755859375, "5": 0.1624755859375, "6": 0.021453857421875}, "7": {"0": 0.2303466796875, "1": 0.2303466796875, "2": 0.2303466796875, "3": 0.032073974609375, "4": 0.1749267578125, "5": 0.1749267578125, "6": 0.0266265869140625}, "8": {"0": 0.260986328125, "1": 0.260986328125, "2": 0.260986328125, "3": 0.0391845703125, "4": 0.187744140625, "5": 0.187744140625, "6": 0.03057861328125}, "9": {"0": 0.290283203125, "1": 0.290283203125, "2": 0.290283203125, "3": 0.038909912109375, "4": 0.198486328125, "5": 0.198486328125, "6": 0.033538818359375}, "10": {"0": 0.291015625, "1": 0.291015625, "2": 0.291015625, "3": 0.05718994140625, "4": 0.20361328125, "5": 0.20361328125, "6": 0.0372314453125}, "11": {"0": 0.28271484375, "1": 0.28271484375, "2": 0.28271484375, "3": 0.062469482421875, "4": 0.2064208984375, "5": 0.2064208984375, "6": 0.039154052734375}, "12": {"0": 0.3046875, "1": 0.3046875, "2": 0.3046875, "3": 0.0640869140625, "4": 0.2115478515625, "5": 0.2115478515625, "6": 0.039337158203125}, "13": {"0": 0.33251953125, "1": 0.33251953125, "2": 0.33251953125, "3": 0.06060791015625, "4": 0.2197265625, "5": 0.2197265625, "6": 0.041839599609375}, "14": {"0": 0.33154296875, "1": 0.33154296875, "2": 0.33154296875, "3": 0.07366943359375, "4": 0.228515625, "5": 0.228515625, "6": 0.044036865234375}, "15": {"0": 0.327392578125, "1": 0.327392578125, "2": 0.327392578125, "3": 0.0767822265625, "4": 0.237060546875, "5": 0.237060546875, "6": 0.046417236328125}, "16": {"0": 0.347412109375, "1": 0.347412109375, "2": 0.347412109375, "3": 0.06402587890625, "4": 0.2479248046875, "5": 0.2479248046875, "6": 0.050018310546875}, "17": {"0": 0.349365234375, "1": 0.349365234375, "2": 0.349365234375, "3": 0.059173583984375, "4": 0.258544921875, "5": 0.258544921875, "6": 0.049957275390625}, "18": {"0": 0.357666015625, "1": 0.357666015625, "2": 0.357666015625, "3": 0.048370361328125, "4": 0.26904296875, "5": 0.26904296875, "6": 0.050750732421875}, "19": {"0": 0.363525390625, "1": 0.363525390625, "2": 0.363525390625, "3": 0.04571533203125, "4": 0.278564453125, "5": 0.278564453125, "6": 0.052703857421875}, "20": {"0": 0.35107421875, "1": 0.35107421875, "2": 0.35107421875, "3": 0.051116943359375, "4": 0.2861328125, "5": 0.2861328125, "6": 0.055419921875}, "21": {"0": 0.369140625, "1": 0.369140625, "2": 0.369140625, "3": 0.049041748046875, "4": 0.297119140625, "5": 0.297119140625, "6": 0.059173583984375}, "22": {"0": 0.39697265625, "1": 0.39697265625, "2": 0.39697265625, "3": 0.0299072265625, "4": 0.307373046875, "5": 0.307373046875, "6": 0.060211181640625}, "23": {"0": 0.39599609375, "1": 0.39599609375, "2": 0.39599609375, "3": 0.022918701171875, "4": 0.314697265625, "5": 0.314697265625, "6": 0.060791015625}, "24": {"0": 0.40087890625, "1": 0.40087890625, "2": 0.40087890625, "3": 0.0292510986328125, "4": 0.322265625, "5": 0.322265625, "6": 0.061676025390625}, "25": {"0": 0.41943359375, "1": 0.41943359375, "2": 0.41943359375, "3": 0.023040771484375, "4": 0.330810546875, "5": 0.330810546875, "6": 0.06365966796875}, "26": {"0": 0.417724609375, "1": 0.417724609375, "2": 0.417724609375, "3": 0.0240478515625, "4": 0.336669921875, "5": 0.336669921875, "6": 0.06536865234375}, "27": {"0": 0.44677734375, "1": 0.44677734375, "2": 0.44677734375, "3": 0.0221710205078125, "4": 0.343505859375, "5": 0.343505859375, "6": 0.0667724609375}, "28": {"0": 0.4453125, "1": 0.4453125, "2": 0.4453125, "3": 0.02325439453125, "4": 0.348876953125, "5": 0.348876953125, "6": 0.0684814453125}, "29": {"0": 0.456787109375, "1": 0.456787109375, "2": 0.456787109375, "3": 0.0211181640625, "4": 0.354736328125, "5": 0.354736328125, "6": 0.070068359375}, "30": {"0": 0.480224609375, "1": 0.480224609375, "2": 0.480224609375, "3": 0.024078369140625, "4": 0.362060546875, "5": 0.362060546875, "6": 0.0733642578125}, "31": {"0": 0.453125, "1": 0.453125, "2": 0.453125, "3": 0.025177001953125, "4": 0.368408203125, "5": 0.368408203125, "6": 0.07562255859375}, "32": {"0": 0.471923828125, "1": 0.471923828125, "2": 0.471923828125, "3": 0.0251007080078125, "4": 0.374267578125, "5": 0.374267578125, "6": 0.078369140625}, "33": {"0": 0.453125, "1": 0.453125, "2": 0.453125, "3": 0.0271453857421875, "4": 0.379638671875, "5": 0.379638671875, "6": 0.080810546875}, "34": {"0": 0.4638671875, "1": 0.4638671875, "2": 0.4638671875, "3": 0.03387451171875, "4": 0.386474609375, "5": 0.386474609375, "6": 0.08489990234375}, "35": {"0": 0.44970703125, "1": 0.44970703125, "2": 0.44970703125, "3": 0.042266845703125, "4": 0.393798828125, "5": 0.393798828125, "6": 0.09002685546875}, "36": {"0": 0.4384765625, "1": 0.4384765625, "2": 0.4384765625, "3": 0.05267333984375, "4": 0.400390625, "5": 0.400390625, "6": 0.09625244140625}, "37": {"0": 0.42919921875, "1": 0.42919921875, "2": 0.42919921875, "3": 0.07354736328125, "4": 0.390869140625, "5": 0.390869140625, "6": 0.1019287109375}, "38": {"0": 0.42333984375, "1": 0.42333984375, "2": 0.42333984375, "3": 0.0743408203125, "4": 0.383056640625, "5": 0.383056640625, "6": 0.11474609375}, "39": {"0": 0.3955078125, "1": 0.3955078125, "2": 0.3955078125, "3": 0.11981201171875, "4": 0.334228515625, "5": 0.334228515625, "6": 0.12457275390625}}