{"0": {"0": 0.007503509521484375, "1": 0.007503509521484375, "2": 0.007503509521484375, "3": 0.002445220947265625, "4": 0.032745361328125, "5": 0.032745361328125, "6": 0.001163482666015625}, "1": {"0": 0.0562744140625, "1": 0.0562744140625, "2": 0.0562744140625, "3": 0.005706787109375, "4": 0.06591796875, "5": 0.06591796875, "6": 0.004444122314453125}, "2": {"0": 0.12744140625, "1": 0.12744140625, "2": 0.12744140625, "3": 0.01012420654296875, "4": 0.1026611328125, "5": 0.1026611328125, "6": 0.0082550048828125}, "3": {"0": 0.15087890625, "1": 0.15087890625, "2": 0.15087890625, "3": 0.01519012451171875, "4": 0.1290283203125, "5": 0.1290283203125, "6": 0.0124053955078125}, "4": {"0": 0.230224609375, "1": 0.230224609375, "2": 0.230224609375, "3": 0.0186004638671875, "4": 0.1541748046875, "5": 0.1541748046875, "6": 0.0174713134765625}, "5": {"0": 0.25439453125, "1": 0.25439453125, "2": 0.25439453125, "3": 0.02838134765625, "4": 0.1796875, "5": 0.1796875, "6": 0.024169921875}, "6": {"0": 0.290283203125, "1": 0.290283203125, "2": 0.290283203125, "3": 0.0318603515625, "4": 0.20166015625, "5": 0.20166015625, "6": 0.0300750732421875}, "7": {"0": 0.28662109375, "1": 0.28662109375, "2": 0.28662109375, "3": 0.047393798828125, "4": 0.2169189453125, "5": 0.2169189453125, "6": 0.036834716796875}, "8": {"0": 0.32421875, "1": 0.32421875, "2": 0.32421875, "3": 0.058746337890625, "4": 0.232666015625, "5": 0.232666015625, "6": 0.042236328125}, "9": {"0": 0.36083984375, "1": 0.36083984375, "2": 0.36083984375, "3": 0.061676025390625, "4": 0.2459716796875, "5": 0.2459716796875, "6": 0.04632568359375}, "10": {"0": 0.36181640625, "1": 0.36181640625, "2": 0.36181640625, "3": 0.084716796875, "4": 0.252685546875, "5": 0.252685546875, "6": 0.05120849609375}, "11": {"0": 0.351318359375, "1": 0.351318359375, "2": 0.351318359375, "3": 0.09222412109375, "4": 0.256103515625, "5": 0.256103515625, "6": 0.053863525390625}, "12": {"0": 0.378662109375, "1": 0.378662109375, "2": 0.378662109375, "3": 0.09149169921875, "4": 0.262451171875, "5": 0.262451171875, "6": 0.0543212890625}, "13": {"0": 0.413330078125, "1": 0.413330078125, "2": 0.413330078125, "3": 0.090087890625, "4": 0.2724609375, "5": 0.2724609375, "6": 0.05767822265625}, "14": {"0": 0.412109375, "1": 0.412109375, "2": 0.412109375, "3": 0.1070556640625, "4": 0.28369140625, "5": 0.28369140625, "6": 0.06085205078125}, "15": {"0": 0.40673828125, "1": 0.40673828125, "2": 0.40673828125, "3": 0.10992431640625, "4": 0.294189453125, "5": 0.294189453125, "6": 0.0640869140625}, "16": {"0": 0.431396484375, "1": 0.431396484375, "2": 0.431396484375, "3": 0.0958251953125, "4": 0.307373046875, "5": 0.307373046875, "6": 0.06890869140625}, "17": {"0": 0.43359375, "1": 0.43359375, "2": 0.43359375, "3": 0.08978271484375, "4": 0.320556640625, "5": 0.320556640625, "6": 0.06927490234375}, "18": {"0": 0.44384765625, "1": 0.44384765625, "2": 0.44384765625, "3": 0.0732421875, "4": 0.33349609375, "5": 0.33349609375, "6": 0.07049560546875}, "19": {"0": 0.451416015625, "1": 0.451416015625, "2": 0.451416015625, "3": 0.07196044921875, "4": 0.345458984375, "5": 0.345458984375, "6": 0.07342529296875}, "20": {"0": 0.435791015625, "1": 0.435791015625, "2": 0.435791015625, "3": 0.08135986328125, "4": 0.354736328125, "5": 0.354736328125, "6": 0.077392578125}, "21": {"0": 0.45849609375, "1": 0.45849609375, "2": 0.45849609375, "3": 0.07794189453125, "4": 0.3681640625, "5": 0.3681640625, "6": 0.0823974609375}, "22": {"0": 0.49267578125, "1": 0.49267578125, "2": 0.49267578125, "3": 0.04754638671875, "4": 0.381103515625, "5": 0.381103515625, "6": 0.08404541015625}, "23": {"0": 0.491455078125, "1": 0.491455078125, "2": 0.491455078125, "3": 0.035736083984375, "4": 0.389892578125, "5": 0.389892578125, "6": 0.08514404296875}, "24": {"0": 0.4970703125, "1": 0.4970703125, "2": 0.4970703125, "3": 0.04681396484375, "4": 0.399169921875, "5": 0.399169921875, "6": 0.08636474609375}, "25": {"0": 0.5205078125, "1": 0.5205078125, "2": 0.5205078125, "3": 0.034820556640625, "4": 0.409912109375, "5": 0.409912109375, "6": 0.08917236328125}, "26": {"0": 0.51806640625, "1": 0.51806640625, "2": 0.51806640625, "3": 0.037628173828125, "4": 0.4169921875, "5": 0.4169921875, "6": 0.091552734375}, "27": {"0": 0.55419921875, "1": 0.55419921875, "2": 0.55419921875, "3": 0.0340576171875, "4": 0.425537109375, "5": 0.425537109375, "6": 0.09344482421875}, "28": {"0": 0.552734375, "1": 0.552734375, "2": 0.552734375, "3": 0.0364990234375, "4": 0.432373046875, "5": 0.432373046875, "6": 0.09600830078125}, "29": {"0": 0.56689453125, "1": 0.56689453125, "2": 0.56689453125, "3": 0.031524658203125, "4": 0.439697265625, "5": 0.439697265625, "6": 0.0982666015625}, "30": {"0": 0.595703125, "1": 0.595703125, "2": 0.595703125, "3": 0.037628173828125, "4": 0.448974609375, "5": 0.448974609375, "6": 0.102783203125}, "31": {"0": 0.56201171875, "1": 0.56201171875, "2": 0.56201171875, "3": 0.039581298828125, "4": 0.45654296875, "5": 0.45654296875, "6": 0.1058349609375}, "32": {"0": 0.5859375, "1": 0.5859375, "2": 0.5859375, "3": 0.037750244140625, "4": 0.464111328125, "5": 0.464111328125, "6": 0.10968017578125}, "33": {"0": 0.5625, "1": 0.5625, "2": 0.5625, "3": 0.0421142578125, "4": 0.470947265625, "5": 0.470947265625, "6": 0.11328125}, "34": {"0": 0.576171875, "1": 0.576171875, "2": 0.576171875, "3": 0.053436279296875, "4": 0.479248046875, "5": 0.479248046875, "6": 0.119384765625}, "35": {"0": 0.55859375, "1": 0.55859375, "2": 0.55859375, "3": 0.0673828125, "4": 0.488525390625, "5": 0.488525390625, "6": 0.126953125}, "36": {"0": 0.54443359375, "1": 0.54443359375, "2": 0.54443359375, "3": 0.0863037109375, "4": 0.496826171875, "5": 0.496826171875, "6": 0.1365966796875}, "37": {"0": 0.53271484375, "1": 0.53271484375, "2": 0.53271484375, "3": 0.1143798828125, "4": 0.4853515625, "5": 0.4853515625, "6": 0.1446533203125}, "38": {"0": 0.52587890625, "1": 0.52587890625, "2": 0.52587890625, "3": 0.11444091796875, "4": 0.47607421875, "5": 0.47607421875, "6": 0.1669921875}, "39": {"0": 0.490966796875, "1": 0.490966796875, "2": 0.490966796875, "3": 0.1702880859375, "4": 0.4150390625, "5": 0.4150390625, "6": 0.1932373046875}}