{
    "0": {
        "0": 0.018186461180448532,
        "1": 0.018186461180448532,
        "2": 0.018186461180448532,
        "3": 0.0034913804847747087,
        "4": 0.06005464494228363,
        "5": 0.06005464494228363,
        "6": 0.003233462106436491
    },
    "1": {
        "0": 0.08641968667507172,
        "1": 0.08641968667507172,
        "2": 0.08641968667507172,
        "3": 0.013487144373357296,
        "4": 0.10983970016241074,
        "5": 0.10983970016241074,
        "6": 0.008300673216581345
    },
    "2": {
        "0": 0.2138388752937317,
        "1": 0.2138388752937317,
        "2": 0.2138388752937317,
        "3": 0.018301283940672874,
        "4": 0.15523827075958252,
        "5": 0.15523827075958252,
        "6": 0.01385660283267498
    },
    "3": {
        "0": 0.3632049858570099,
        "1": 0.3632049858570099,
        "2": 0.3632049858570099,
        "3": 0.0244167298078537,
        "4": 0.19725848734378815,
        "5": 0.19725848734378815,
        "6": 0.020623698830604553
    },
    "4": {
        "0": 0.3377993106842041,
        "1": 0.3377993106842041,
        "2": 0.3377993106842041,
        "3": 0.04051743820309639,
        "4": 0.23043829202651978,
        "5": 0.23043829202651978,
        "6": 0.031240547075867653
    },
    "5": {
        "0": 0.36911433935165405,
        "1": 0.36911433935165405,
        "2": 0.36911433935165405,
        "3": 0.05930301174521446,
        "4": 0.26366743445396423,
        "5": 0.26366743445396423,
        "6": 0.03980207070708275
    },
    "6": {
        "0": 0.47455963492393494,
        "1": 0.47455963492393494,
        "2": 0.47455963492393494,
        "3": 0.07713678479194641,
        "4": 0.29491594433784485,
        "5": 0.29491594433784485,
        "6": 0.05076714977622032
    },
    "7": {
        "0": 0.499931663274765,
        "1": 0.499931663274765,
        "2": 0.499931663274765,
        "3": 0.09469509869813919,
        "4": 0.31824710965156555,
        "5": 0.31824710965156555,
        "6": 0.05931800231337547
    },
    "8": {
        "0": 0.49218446016311646,
        "1": 0.49218446016311646,
        "2": 0.49218446016311646,
        "3": 0.11813188344240189,
        "4": 0.3281109929084778,
        "5": 0.3281109929084778,
        "6": 0.06590098142623901
    },
    "9": {
        "0": 0.5077961683273315,
        "1": 0.5077961683273315,
        "2": 0.5077961683273315,
        "3": 0.14844177663326263,
        "4": 0.3436814546585083,
        "5": 0.3436814546585083,
        "6": 0.07372478395700455
    },
    "10": {
        "0": 0.5116854906082153,
        "1": 0.5116854906082153,
        "2": 0.5116854906082153,
        "3": 0.1630009263753891,
        "4": 0.34959572553634644,
        "5": 0.34959572553634644,
        "6": 0.07715395092964172
    },
    "11": {
        "0": 0.5701574087142944,
        "1": 0.5701574087142944,
        "2": 0.5701574087142944,
        "3": 0.1699085235595703,
        "4": 0.3632313907146454,
        "5": 0.3632313907146454,
        "6": 0.08200395107269287
    },
    "12": {
        "0": 0.5740962624549866,
        "1": 0.5740962624549866,
        "2": 0.5740962624549866,
        "3": 0.17576715350151062,
        "4": 0.374881386756897,
        "5": 0.374881386756897,
        "6": 0.08593527227640152
    },
    "13": {
        "0": 0.5820481777191162,
        "1": 0.5820481777191162,
        "2": 0.5820481777191162,
        "3": 0.18456542491912842,
        "4": 0.3847559094429016,
        "5": 0.3847559094429016,
        "6": 0.09225521236658096
    },
    "14": {
        "0": 0.5936035513877869,
        "1": 0.5936035513877869,
        "2": 0.5936035513877869,
        "3": 0.19923502206802368,
        "4": 0.40232816338539124,
        "5": 0.40232816338539124,
        "6": 0.09762299060821533
    },
    "15": {
        "0": 0.5857281684875488,
        "1": 0.5857281684875488,
        "2": 0.5857281684875488,
        "3": 0.19912201166152954,
        "4": 0.41978636384010315,
        "5": 0.41978636384010315,
        "6": 0.10688738524913788
    },
    "16": {
        "0": 0.6014672517776489,
        "1": 0.6014672517776489,
        "2": 0.6014672517776489,
        "3": 0.2187303751707077,
        "4": 0.45106807351112366,
        "5": 0.45106807351112366,
        "6": 0.11962423473596573
    },
    "17": {
        "0": 0.6288467645645142,
        "1": 0.6288467645645142,
        "2": 0.6288467645645142,
        "3": 0.1640637069940567,
        "4": 0.4785265624523163,
        "5": 0.4785265624523163,
        "6": 0.12253585457801819
    },
    "18": {
        "0": 0.6717560291290283,
        "1": 0.6717560291290283,
        "2": 0.6717560291290283,
        "3": 0.16007916629314423,
        "4": 0.5077694654464722,
        "5": 0.5077694654464722,
        "6": 0.12983423471450806
    },
    "19": {
        "0": 0.6678760051727295,
        "1": 0.6678760051727295,
        "2": 0.6678760051727295,
        "3": 0.1346811205148697,
        "4": 0.523284375667572,
        "5": 0.523284375667572,
        "6": 0.13376553356647491
    },
    "20": {
        "0": 0.667945146560669,
        "1": 0.667945146560669,
        "2": 0.667945146560669,
        "3": 0.14056402444839478,
        "4": 0.542756199836731,
        "5": 0.542756199836731,
        "6": 0.14354994893074036
    },
    "21": {
        "0": 0.7107905745506287,
        "1": 0.7107905745506287,
        "2": 0.7107905745506287,
        "3": 0.10109605640172958,
        "4": 0.5546141266822815,
        "5": 0.5546141266822815,
        "6": 0.1435093879699707
    },
    "22": {
        "0": 0.7186126112937927,
        "1": 0.7186126112937927,
        "2": 0.7186126112937927,
        "3": 0.12400206923484802,
        "4": 0.5702161192893982,
        "5": 0.5702161192893982,
        "6": 0.15132077038288116
    },
    "23": {
        "0": 0.761595606803894,
        "1": 0.761595606803894,
        "2": 0.761595606803894,
        "3": 0.09954806417226791,
        "4": 0.5858528017997742,
        "5": 0.5858528017997742,
        "6": 0.1532917022705078
    },
    "24": {
        "0": 0.7458820343017578,
        "1": 0.7458820343017578,
        "2": 0.7458820343017578,
        "3": 0.1357245296239853,
        "4": 0.5936557054519653,
        "5": 0.5936557054519653,
        "6": 0.15522359311580658
    },
    "25": {
        "0": 0.7967373132705688,
        "1": 0.7967373132705688,
        "2": 0.7967373132705688,
        "3": 0.08591914921998978,
        "4": 0.6130578517913818,
        "5": 0.6130578517913818,
        "6": 0.16401730477809906
    },
    "26": {
        "0": 0.7771954536437988,
        "1": 0.7771954536437988,
        "2": 0.7771954536437988,
        "3": 0.16010789573192596,
        "4": 0.6209958791732788,
        "5": 0.6209958791732788,
        "6": 0.1738581657409668
    },
    "27": {
        "0": 0.7849588990211487,
        "1": 0.7849588990211487,
        "2": 0.7849588990211487,
        "3": 0.10882268100976944,
        "4": 0.6367034316062927,
        "5": 0.6367034316062927,
        "6": 0.19033583998680115
    },
    "28": {
        "0": 0.796784520149231,
        "1": 0.796784520149231,
        "2": 0.796784520149231,
        "3": 0.14053840935230255,
        "4": 0.6522316336631775,
        "5": 0.6522316336631775,
        "6": 0.2167569398880005
    },
    "29": {
        "0": 0.769395112991333,
        "1": 0.769395112991333,
        "2": 0.769395112991333,
        "3": 0.15424993634223938,
        "4": 0.6561977863311768,
        "5": 0.6561977863311768,
        "6": 0.25575366616249084
    },
    "30": {
        "0": 0.7889198660850525,
        "1": 0.7889198660850525,
        "2": 0.7889198660850525,
        "3": 0.15814556181430817,
        "4": 0.6562106013298035,
        "5": 0.6562106013298035,
        "6": 0.35540324449539185
    },
    "31": {
        "0": 0.6562002301216125,
        "1": 0.6562002301216125,
        "2": 0.6562002301216125,
        "3": 0.2303818166255951,
        "4": 0.593692421913147,
        "5": 0.593692421913147,