{
    "0": {
        "0": 0.004944670479744673,
        "1": 0.004944670479744673,
        "2": 0.004944670479744673,
        "3": 0.0007511467556469142,
        "4": 0.02037687972187996,
        "5": 0.02037687972187996,
        "6": 0.0006087280926294625
    },
    "1": {
        "0": 0.020965585485100746,
        "1": 0.020965585485100746,
        "2": 0.020965585485100746,
        "3": 0.0024063014425337315,
        "4": 0.040513474494218826,
        "5": 0.040513474494218826,
        "6": 0.0015474972315132618
    },
    "2": {
        "0": 0.07814022898674011,
        "1": 0.07814022898674011,
        "2": 0.07814022898674011,
        "3": 0.0034587488044053316,
        "4": 0.06053435802459717,
        "5": 0.06053435802459717,
        "6": 0.0027930065989494324
    },
    "3": {
        "0": 0.13955551385879517,
        "1": 0.13955551385879517,
        "2": 0.13955551385879517,
        "3": 0.004723943769931793,
        "4": 0.07763691991567612,
        "5": 0.07763691991567612,
        "6": 0.004421147517859936
    },
    "4": {
        "0": 0.13174383342266083,
        "1": 0.13174383342266083,
        "2": 0.13174383342266083,
        "3": 0.008478074334561825,
        "4": 0.09270317107439041,
        "5": 0.09270317107439041,
        "6": 0.007219409104436636
    },
    "5": {
        "0": 0.14737257361412048,
        "1": 0.14737257361412048,
        "2": 0.14737257361412048,
        "3": 0.009932579472661018,
        "4": 0.1064290776848793,
        "5": 0.1064290776848793,
        "6": 0.009693955071270466
    },
    "6": {
        "0": 0.18941505253314972,
        "1": 0.18941505253314972,
        "2": 0.18941505253314972,
        "3": 0.015243961475789547,
        "4": 0.11961908638477325,
        "5": 0.11961908638477325,
        "6": 0.012869687750935555
    },
    "7": {
        "0": 0.20009773969650269,
        "1": 0.20009773969650269,
        "2": 0.20009773969650269,
        "3": 0.01755756512284279,
        "4": 0.12796106934547424,
        "5": 0.12796106934547424,
        "6": 0.015558307990431786
    },
    "8": {
        "0": 0.19711458683013916,
        "1": 0.19711458683013916,
        "2": 0.19711458683013916,
        "3": 0.02330830506980419,
        "4": 0.1327633559703827,
        "5": 0.1327633559703827,
        "6": 0.01708044484257698
    },
    "9": {
        "0": 0.20311608910560608,
        "1": 0.20311608910560608,
        "2": 0.20311608910560608,
        "3": 0.031264401972293854,
        "4": 0.13861647248268127,
        "5": 0.13861647248268127,
        "6": 0.01916985586285591
    },
    "10": {
        "0": 0.2051233947277069,
        "1": 0.2051233947277069,
        "2": 0.2051233947277069,
        "3": 0.03930492326617241,
        "4": 0.14057084918022156,
        "5": 0.14057084918022156,
        "6": 0.020133711397647858
    },
    "11": {
        "0": 0.2284945696592331,
        "1": 0.2284945696592331,
        "2": 0.2284945696592331,
        "3": 0.03851171210408211,
        "4": 0.1464955061674118,
        "5": 0.1464955061674118,
        "6": 0.021701283752918243
    },
    "12": {
        "0": 0.229391410946846,
        "1": 0.229391410946846,
        "2": 0.229391410946846,
        "3": 0.041463516652584076,
        "4": 0.1512608528137207,
        "5": 0.1512608528137207,
        "6": 0.02268552966415882
    },
    "13": {
        "0": 0.23327012360095978,
        "1": 0.23327012360095978,
        "2": 0.23327012360095978,
        "3": 0.04221048951148987,
        "4": 0.15421810746192932,
        "5": 0.15421810746192932,
        "6": 0.024381212890148163
    },
    "14": {
        "0": 0.237309068441391,
        "1": 0.237309068441391,
        "2": 0.237309068441391,
        "3": 0.0439118891954422,
        "4": 0.1619710475206375,
        "5": 0.1619710475206375,
        "6": 0.025470606982707977
    },
    "15": {
        "0": 0.23341770470142365,
        "1": 0.23341770470142365,
        "2": 0.23341770470142365,
        "3": 0.044458795338869095,
        "4": 0.16791820526123047,
        "5": 0.16791820526123047,
        "6": 0.02760373242199421
    },
    "16": {
        "0": 0.24111557006835938,
        "1": 0.24111557006835938,
        "2": 0.24111557006835938,
        "3": 0.04068811237812042,
        "4": 0.18158455193042755,
        "5": 0.18158455193042755,
        "6": 0.030832987278699875
    },
    "17": {
        "0": 0.2518491744995117,
        "1": 0.2518491744995117,
        "2": 0.2518491744995117,
        "3": 0.027033928781747818,
        "4": 0.19328539073467255,
        "5": 0.19328539073467255,
        "6": 0.03171945735812187
    },
    "18": {
        "0": 0.26749080419540405,
        "1": 0.26749080419540405,
        "2": 0.26749080419540405,
        "3": 0.02417156472802162,
        "4": 0.2049490213394165,
        "5": 0.2049490213394165,
        "6": 0.03341617435216904
    },
    "19": {
        "0": 0.26749706268310547,
        "1": 0.26749706268310547,
        "2": 0.26749706268310547,
        "3": 0.019770652055740356,
        "4": 0.2108360379934311,
        "5": 0.2108360379934311,
        "6": 0.033616870641708374
    },
    "20": {
        "0": 0.26948145031929016,
        "1": 0.26948145031929016,
        "2": 0.26948145031929016,
        "3": 0.02015753649175167,
        "4": 0.2186959683895111,
        "5": 0.2186959683895111,
        "6": 0.03636545315384865
    },
    "21": {
        "0": 0.28519168496131897,
        "1": 0.28519168496131897,
        "2": 0.28519168496131897,
        "3": 0.015405397862195969,
        "4": 0.2246541827917099,
        "5": 0.2246541827917099,
        "6": 0.035586822777986526
    },
    "22": {
        "0": 0.2890438139438629,
        "1": 0.2890438139438629,
        "2": 0.2890438139438629,
        "3": 0.017916545271873474,
        "4": 0.23041008412837982,
        "5": 0.23041008412837982,
        "6": 0.037362463772296906
    },
    "23": {
        "0": 0.30642572045326233,
        "1": 0.30642572045326233,
        "2": 0.30642572045326233,
        "3": 0.014537711627781391,
        "4": 0.23628443479537964,
        "5": 0.23628443479537964,
        "6": 0.037835344672203064
    },
    "24": {
        "0": 0.29872700572013855,
        "1": 0.29872700572013855,
        "2": 0.29872700572013855,
        "3": 0.01606309413909912,
        "4": 0.24016883969306946,
        "5": 0.24016883969306946,
        "6": 0.0382874570786953
    },
    "25": {
        "0": 0.32036107778549194,
        "1": 0.32036107778549194,
        "2": 0.32036107778549194,
        "3": 0.012820065952837467,
        "4": 0.24786396324634552,
        "5": 0.24786396324634552,
        "6": 0.04049822688102722
    },
    "26": {
        "0": 0.3122929334640503,
        "1": 0.3122929334640503,
        "2": 0.3122929334640503,
        "3": 0.019446825608611107,
        "4": 0.2499837875366211,
        "5": 0.2499837875366211,
        "6": 0.04215632379055023
    },
    "27": {
        "0": 0.3144691586494446,
        "1": 0.3144691586494446,
        "2": 0.3144691586494446,
        "3": 0.015096822753548622,
        "4": 0.25759270787239075,
        "5": 0.25759270787239075,
        "6": 0.0453469455242157
    },
    "28": {
        "0": 0.32005199790000916,
        "1": 0.32005199790000916,
        "2": 0.32005199790000916,
        "3": 0.016927463933825493,
        "4": 0.2616625726222992,
        "5": 0.2616625726222992,
        "6": 0.049522142857313156
    },
    "29": {
        "0": 0.30850160121917725,
        "1": 0.30850160121917725,
        "2": 0.30850160121917725,
        "3": 0.022004233673214912,
        "4": 0.2635674476623535,
        "5": 0.2635674476623535,
        "6": 0.054220713675022125
    },
    "30": {
        "0": 0.31635043025016785,
        "1": 0.31635043025016785,
        "2": 0.31635043025016785,
        "3": 0.021831177175045013,
        "4": 0.26345813274383545,
        "5": 0.26345813274383545,
        "6": 0.06223418191075325
    },
    "31": {
        "0": 0.26352232694625854,