{"0": {"0": 0.055419921875, "1": 0.055419921875, "2": 0.055419921875, "3": 0.005859375, "4": 0.1337890625, "5": 0.1337890625, "6": 0.004425048828125}, "1": {"0": 0.10498046875, "1": 0.10498046875, "2": 0.10498046875, "3": 0.0091552734375, "4": 0.1796875, "5": 0.1796875, "6": 0.006378173828125}, "2": {"0": 0.345703125, "1": 0.345703125, "2": 0.345703125, "3": 0.00958251953125, "4": 0.232421875, "5": 0.232421875, "6": 0.00958251953125}, "3": {"0": 0.412109375, "1": 0.412109375, "2": 0.412109375, "3": 0.03173828125, "4": 0.265625, "5": 0.265625, "6": 0.0164794921875}, "4": {"0": 0.3671875, "1": 0.3671875, "2": 0.3671875, "3": 0.04541015625, "4": 0.302734375, "5": 0.302734375, "6": 0.0238037109375}, "5": {"0": 0.416015625, "1": 0.416015625, "2": 0.416015625, "3": 0.045166015625, "4": 0.32421875, "5": 0.32421875, "6": 0.02783203125}, "6": {"0": 0.419921875, "1": 0.419921875, "2": 0.419921875, "3": 0.0654296875, "4": 0.337890625, "5": 0.337890625, "6": 0.0322265625}, "7": {"0": 0.4375, "1": 0.4375, "2": 0.4375, "3": 0.08056640625, "4": 0.33984375, "5": 0.33984375, "6": 0.03466796875}, "8": {"0": 0.466796875, "1": 0.466796875, "2": 0.466796875, "3": 0.091796875, "4": 0.345703125, "5": 0.345703125, "6": 0.037353515625}, "9": {"0": 0.46875, "1": 0.46875, "2": 0.46875, "3": 0.09423828125, "4": 0.349609375, "5": 0.349609375, "6": 0.03857421875}, "10": {"0": 0.486328125, "1": 0.486328125, "2": 0.486328125, "3": 0.10400390625, "4": 0.35546875, "5": 0.35546875, "6": 0.039794921875}, "11": {"0": 0.498046875, "1": 0.498046875, "2": 0.498046875, "3": 0.11083984375, "4": 0.361328125, "5": 0.361328125, "6": 0.04150390625}, "12": {"0": 0.462890625, "1": 0.462890625, "2": 0.462890625, "3": 0.119140625, "4": 0.357421875, "5": 0.357421875, "6": 0.04296875}, "13": {"0": 0.52734375, "1": 0.52734375, "2": 0.52734375, "3": 0.119140625, "4": 0.369140625, "5": 0.369140625, "6": 0.04638671875}, "14": {"0": 0.5234375, "1": 0.5234375, "2": 0.5234375, "3": 0.1279296875, "4": 0.388671875, "5": 0.388671875, "6": 0.048583984375}, "15": {"0": 0.515625, "1": 0.515625, "2": 0.515625, "3": 0.1220703125, "4": 0.40625, "5": 0.40625, "6": 0.052978515625}, "16": {"0": 0.498046875, "1": 0.498046875, "2": 0.498046875, "3": 0.11083984375, "4": 0.423828125, "5": 0.423828125, "6": 0.05224609375}, "17": {"0": 0.515625, "1": 0.515625, "2": 0.515625, "3": 0.08984375, "4": 0.439453125, "5": 0.439453125, "6": 0.05517578125}, "18": {"0": 0.53515625, "1": 0.53515625, "2": 0.53515625, "3": 0.054443359375, "4": 0.451171875, "5": 0.451171875, "6": 0.052001953125}, "19": {"0": 0.53515625, "1": 0.53515625, "2": 0.53515625, "3": 0.06396484375, "4": 0.462890625, "5": 0.462890625, "6": 0.052978515625}, "20": {"0": 0.5390625, "1": 0.5390625, "2": 0.5390625, "3": 0.06787109375, "4": 0.4765625, "5": 0.4765625, "6": 0.054443359375}, "21": {"0": 0.53125, "1": 0.53125, "2": 0.53125, "3": 0.0869140625, "4": 0.498046875, "5": 0.498046875, "6": 0.060302734375}, "22": {"0": 0.55078125, "1": 0.55078125, "2": 0.55078125, "3": 0.07080078125, "4": 0.51171875, "5": 0.51171875, "6": 0.061279296875}, "23": {"0": 0.56640625, "1": 0.56640625, "2": 0.56640625, "3": 0.05224609375, "4": 0.52734375, "5": 0.52734375, "6": 0.061279296875}, "24": {"0": 0.56640625, "1": 0.56640625, "2": 0.56640625, "3": 0.07470703125, "4": 0.54296875, "5": 0.54296875, "6": 0.06298828125}, "25": {"0": 0.58203125, "1": 0.58203125, "2": 0.58203125, "3": 0.076171875, "4": 0.5625, "5": 0.5625, "6": 0.06689453125}, "26": {"0": 0.55859375, "1": 0.55859375, "2": 0.55859375, "3": 0.11181640625, "4": 0.5859375, "5": 0.5859375, "6": 0.07373046875}, "27": {"0": 0.6015625, "1": 0.6015625, "2": 0.6015625, "3": 0.11083984375, "4": 0.61328125, "5": 0.61328125, "6": 0.08154296875}, "28": {"0": 0.59375, "1": 0.59375, "2": 0.59375, "3": 0.11962890625, "4": 0.640625, "5": 0.640625, "6": 0.09326171875}, "29": {"0": 0.63671875, "1": 0.63671875, "2": 0.63671875, "3": 0.12255859375, "4": 0.66015625, "5": 0.66015625, "6": 0.10595703125}, "30": {"0": 0.60546875, "1": 0.60546875, "2": 0.60546875, "3": 0.185546875, "4": 0.6875, "5": 0.6875, "6": 0.1455078125}, "31": {"0": 0.546875, "1": 0.546875, "2": 0.546875, "3": 0.2158203125, "4": 0.5859375, "5": 0.5859375, "6": 0.26953125}}