{"0": {"0": 0.018798828125, "1": 0.018798828125, "2": 0.018798828125, "3": 0.0025787353515625, "4": 0.083984375, "5": 0.083984375, "6": 0.0020599365234375}, "1": {"0": 0.060546875, "1": 0.060546875, "2": 0.060546875, "3": 0.00433349609375, "4": 0.11572265625, "5": 0.11572265625, "6": 0.003082275390625}, "2": {"0": 0.2138671875, "1": 0.2138671875, "2": 0.2138671875, "3": 0.004119873046875, "4": 0.150390625, "5": 0.150390625, "6": 0.004669189453125}, "3": {"0": 0.26171875, "1": 0.26171875, "2": 0.26171875, "3": 0.015625, "4": 0.1728515625, "5": 0.1728515625, "6": 0.00836181640625}, "4": {"0": 0.232421875, "1": 0.232421875, "2": 0.232421875, "3": 0.0228271484375, "4": 0.197265625, "5": 0.197265625, "6": 0.0128173828125}, "5": {"0": 0.26171875, "1": 0.26171875, "2": 0.26171875, "3": 0.0233154296875, "4": 0.2119140625, "5": 0.2119140625, "6": 0.01519775390625}, "6": {"0": 0.267578125, "1": 0.267578125, "2": 0.267578125, "3": 0.035888671875, "4": 0.2197265625, "5": 0.2197265625, "6": 0.017578125}, "7": {"0": 0.28125, "1": 0.28125, "2": 0.28125, "3": 0.045654296875, "4": 0.2216796875, "5": 0.2216796875, "6": 0.01904296875}, "8": {"0": 0.298828125, "1": 0.298828125, "2": 0.298828125, "3": 0.052001953125, "4": 0.2255859375, "5": 0.2255859375, "6": 0.0205078125}, "9": {"0": 0.302734375, "1": 0.302734375, "2": 0.302734375, "3": 0.054443359375, "4": 0.2275390625, "5": 0.2275390625, "6": 0.021240234375}, "10": {"0": 0.3125, "1": 0.3125, "2": 0.3125, "3": 0.05810546875, "4": 0.2314453125, "5": 0.2314453125, "6": 0.02197265625}, "11": {"0": 0.322265625, "1": 0.322265625, "2": 0.322265625, "3": 0.064453125, "4": 0.236328125, "5": 0.236328125, "6": 0.0228271484375}, "12": {"0": 0.30078125, "1": 0.30078125, "2": 0.30078125, "3": 0.06982421875, "4": 0.2333984375, "5": 0.2333984375, "6": 0.0235595703125}, "13": {"0": 0.33984375, "1": 0.33984375, "2": 0.33984375, "3": 0.0673828125, "4": 0.240234375, "5": 0.240234375, "6": 0.025634765625}, "14": {"0": 0.3359375, "1": 0.3359375, "2": 0.3359375, "3": 0.07421875, "4": 0.251953125, "5": 0.251953125, "6": 0.0269775390625}, "15": {"0": 0.333984375, "1": 0.333984375, "2": 0.333984375, "3": 0.06640625, "4": 0.263671875, "5": 0.263671875, "6": 0.0299072265625}, "16": {"0": 0.3203125, "1": 0.3203125, "2": 0.3203125, "3": 0.06005859375, "4": 0.27734375, "5": 0.27734375, "6": 0.029052734375}, "17": {"0": 0.33203125, "1": 0.33203125, "2": 0.33203125, "3": 0.04736328125, "4": 0.28515625, "5": 0.28515625, "6": 0.031005859375}, "18": {"0": 0.34375, "1": 0.34375, "2": 0.34375, "3": 0.023193359375, "4": 0.29296875, "5": 0.29296875, "6": 0.028564453125}, "19": {"0": 0.34375, "1": 0.34375, "2": 0.34375, "3": 0.03125, "4": 0.30078125, "5": 0.30078125, "6": 0.0289306640625}, "20": {"0": 0.345703125, "1": 0.345703125, "2": 0.345703125, "3": 0.033935546875, "4": 0.310546875, "5": 0.310546875, "6": 0.0296630859375}, "21": {"0": 0.341796875, "1": 0.341796875, "2": 0.341796875, "3": 0.043701171875, "4": 0.32421875, "5": 0.32421875, "6": 0.032958984375}, "22": {"0": 0.353515625, "1": 0.353515625, "2": 0.353515625, "3": 0.034423828125, "4": 0.333984375, "5": 0.333984375, "6": 0.033447265625}, "23": {"0": 0.365234375, "1": 0.365234375, "2": 0.365234375, "3": 0.025634765625, "4": 0.34375, "5": 0.34375, "6": 0.032958984375}, "24": {"0": 0.365234375, "1": 0.365234375, "2": 0.365234375, "3": 0.036376953125, "4": 0.353515625, "5": 0.353515625, "6": 0.033935546875}, "25": {"0": 0.373046875, "1": 0.373046875, "2": 0.373046875, "3": 0.03662109375, "4": 0.3671875, "5": 0.3671875, "6": 0.03564453125}, "26": {"0": 0.361328125, "1": 0.361328125, "2": 0.361328125, "3": 0.05615234375, "4": 0.3828125, "5": 0.3828125, "6": 0.03955078125}, "27": {"0": 0.388671875, "1": 0.388671875, "2": 0.388671875, "3": 0.050537109375, "4": 0.400390625, "5": 0.400390625, "6": 0.04345703125}, "28": {"0": 0.384765625, "1": 0.384765625, "2": 0.384765625, "3": 0.05712890625, "4": 0.41796875, "5": 0.41796875, "6": 0.04931640625}, "29": {"0": 0.412109375, "1": 0.412109375, "2": 0.412109375, "3": 0.04833984375, "4": 0.4296875, "5": 0.4296875, "6": 0.054931640625}, "30": {"0": 0.388671875, "1": 0.388671875, "2": 0.388671875, "3": 0.09814453125, "4": 0.44921875, "5": 0.44921875, "6": 0.07177734375}, "31": {"0": 0.3515625, "1": 0.3515625, "2": 0.3515625, "3": 0.1064453125, "4": 0.3828125, "5": 0.3828125, "6": 0.10107421875}}