{"0": {"0": 5.009326287108706e-13, "1": 5.009326287108706e-13, "2": 5.009326287108706e-13, "3": 0.0, "4": 0.0, "5": 0.0, "6": 0.0}, "1": {"0": 0.0, "1": 0.0, "2": 0.0, "3": 0.0, "4": 0.0, "5": 0.0, "6": 0.0}, "2": {"0": 0.0, "1": 0.0, "2": 0.0, "3": 0.0, "4": 0.0, "5": 0.0, "6": 0.0}, "3": {"0": 0.0, "1": 0.0, "2": 0.0, "3": 0.0, "4": 0.0, "5": 0.0, "6": 0.0}, "4": {"0": 0.0, "1": 0.0, "2": 0.0, "3": 0.0, "4": 0.0, "5": 0.0, "6": 6.30961949354969e-12}, "5": {"0": 0.0, "1": 0.0, "2": 0.0, "3": 4.656612873077393e-10, "4": 0.0, "5": 0.0, "6": 0.0}, "6": {"0": 0.0, "1": 0.0, "2": 0.0, "3": 0.0, "4": 0.0, "5": 0.0, "6": 7.73070496506989e-12}, "7": {"0": 0.0, "1": 0.0, "2": 0.0, "3": 6.257323548197746e-10, "4": 0.0, "5": 0.0, "6": 0.0}, "8": {"0": 0.0, "1": 0.0, "2": 0.0, "3": 0.0, "4": 0.0, "5": 0.0, "6": 0.0}, "9": {"0": 0.0, "1": 0.0, "2": 0.0, "3": 0.0, "4": 0.0, "5": 0.0, "6": 0.0}, "10": {"0": 0.0, "1": 0.0, "2": 0.0, "3": 0.0, "4": 0.0, "5": 0.0, "6": 0.0}, "11": {"0": 0.0, "1": 0.0, "2": 0.0, "3": 1.8044374883174896e-09, "4": 0.0, "5": 0.0, "6": 0.0}, "12": {"0": 0.0, "1": 0.0, "2": 0.0, "3": 0.0, "4": 0.0, "5": 0.0, "6": 0.0}, "13": {"0": 0.0, "1": 0.0, "2": 0.0, "3": 0.0, "4": 0.0, "5": 0.0, "6": 0.0}, "14": {"0": 0.0, "1": 0.0, "2": 0.0, "3": 0.0, "4": 0.0, "5": 0.0, "6": 0.0}, "15": {"0": 0.0, "1": 0.0, "2": 0.0, "3": 4.656612873077393e-10, "4": 0.0, "5": 0.0, "6": 7.901235221652314e-12}, "16": {"0": 0.0, "1": 0.0, "2": 0.0, "3": 6.984919309616089e-10, "4": 0.0, "5": 0.0, "6": 0.0}, "17": {"0": 0.0, "1": 0.0, "2": 0.0, "3": 0.0, "4": 0.0, "5": 0.0, "6": 0.0}, "18": {"0": 0.0, "1": 0.0, "2": 0.0, "3": 0.0, "4": 0.0, "5": 0.0, "6": 6.320988177321851e-11}, "19": {"0": 0.0, "1": 0.0, "2": 0.0, "3": 0.0, "4": 0.0, "5": 0.0, "6": 0.0}, "20": {"0": 0.0, "1": 0.0, "2": 0.0, "3": 1.3969838619232178e-09, "4": 0.0, "5": 0.0, "6": 0.0}, "21": {"0": 0.0, "1": 0.0, "2": 0.0, "3": 0.0, "4": 0.0, "5": 0.0, "6": 0.0}, "22": {"0": 0.0, "1": 0.0, "2": 0.0, "3": 0.0, "4": 0.0, "5": 0.0, "6": 1.3415046851150692e-11}, "23": {"0": 0.0, "1": 0.0, "2": 0.0, "3": 0.0, "4": 0.0, "5": 0.0, "6": 0.0}, "24": {"0": 0.0, "1": 0.0, "2": 0.0, "3": 0.0, "4": 0.0, "5": 0.0, "6": 0.0}, "25": {"0": 0.0, "1": 0.0, "2": 0.0, "3": 0.0, "4": 0.0, "5": 0.0, "6": 0.0}, "26": {"0": 0.0, "1": 0.0, "2": 0.0, "3": 0.0, "4": 0.0, "5": 0.0, "6": 0.0}, "27": {"0": 0.0, "1": 0.0, "2": 0.0, "3": 0.0, "4": 0.0, "5": 0.0, "6": 0.0}, "28": {"0": 0.0, "1": 0.0, "2": 0.0, "3": 0.0, "4": 0.0, "5": 0.0, "6": 1.1425527191022411e-11}, "29": {"0": 0.0, "1": 0.0, "2": 0.0, "3": 0.0, "4": 0.0, "5": 0.0, "6": 5.525180313270539e-11}, "30": {"0": 0.0, "1": 0.0, "2": 0.0, "3": 0.0, "4": 0.0, "5": 0.0, "6": 1.000444171950221e-10}, "31": {"0": 0.0, "1": 0.0, "2": 0.0, "3": 1.862645149230957e-09, "4": 0.0, "5": 0.0, "6": 0.0}}