{"0": {"0": 0.03125, "1": 0.03125, "2": 0.03125, "3": 0.003631591796875, "4": 0.10546875, "5": 0.10546875, "6": 0.002960205078125}, "1": {"0": 0.078125, "1": 0.078125, "2": 0.078125, "3": 0.00616455078125, "4": 0.1435546875, "5": 0.1435546875, "6": 0.00439453125}, "2": {"0": 0.26953125, "1": 0.26953125, "2": 0.26953125, "3": 0.006011962890625, "4": 0.1865234375, "5": 0.1865234375, "6": 0.006591796875}, "3": {"0": 0.326171875, "1": 0.326171875, "2": 0.326171875, "3": 0.0218505859375, "4": 0.2138671875, "5": 0.2138671875, "6": 0.01165771484375}, "4": {"0": 0.2890625, "1": 0.2890625, "2": 0.2890625, "3": 0.03173828125, "4": 0.2431640625, "5": 0.2431640625, "6": 0.017333984375}, "5": {"0": 0.328125, "1": 0.328125, "2": 0.328125, "3": 0.031982421875, "4": 0.26171875, "5": 0.26171875, "6": 0.0203857421875}, "6": {"0": 0.33203125, "1": 0.33203125, "2": 0.33203125, "3": 0.0478515625, "4": 0.271484375, "5": 0.271484375, "6": 0.023681640625}, "7": {"0": 0.34765625, "1": 0.34765625, "2": 0.34765625, "3": 0.059814453125, "4": 0.2734375, "5": 0.2734375, "6": 0.0255126953125}, "8": {"0": 0.373046875, "1": 0.373046875, "2": 0.373046875, "3": 0.068359375, "4": 0.279296875, "5": 0.279296875, "6": 0.0274658203125}, "9": {"0": 0.375, "1": 0.375, "2": 0.375, "3": 0.07080078125, "4": 0.28125, "5": 0.28125, "6": 0.0284423828125}, "10": {"0": 0.388671875, "1": 0.388671875, "2": 0.388671875, "3": 0.07666015625, "4": 0.28515625, "5": 0.28515625, "6": 0.0294189453125}, "11": {"0": 0.3984375, "1": 0.3984375, "2": 0.3984375, "3": 0.08349609375, "4": 0.291015625, "5": 0.291015625, "6": 0.0306396484375}, "12": {"0": 0.37109375, "1": 0.37109375, "2": 0.37109375, "3": 0.09033203125, "4": 0.287109375, "5": 0.287109375, "6": 0.03173828125}, "13": {"0": 0.421875, "1": 0.421875, "2": 0.421875, "3": 0.08837890625, "4": 0.296875, "5": 0.296875, "6": 0.0341796875}, "14": {"0": 0.41796875, "1": 0.41796875, "2": 0.41796875, "3": 0.09619140625, "4": 0.310546875, "5": 0.310546875, "6": 0.035888671875}, "15": {"0": 0.412109375, "1": 0.412109375, "2": 0.412109375, "3": 0.08935546875, "4": 0.326171875, "5": 0.326171875, "6": 0.03955078125}, "16": {"0": 0.3984375, "1": 0.3984375, "2": 0.3984375, "3": 0.0810546875, "4": 0.341796875, "5": 0.341796875, "6": 0.038818359375}, "17": {"0": 0.412109375, "1": 0.412109375, "2": 0.412109375, "3": 0.064453125, "4": 0.353515625, "5": 0.353515625, "6": 0.041259765625}, "18": {"0": 0.42578125, "1": 0.42578125, "2": 0.42578125, "3": 0.034912109375, "4": 0.361328125, "5": 0.361328125, "6": 0.038330078125}, "19": {"0": 0.42578125, "1": 0.42578125, "2": 0.42578125, "3": 0.0439453125, "4": 0.37109375, "5": 0.37109375, "6": 0.038818359375}, "20": {"0": 0.4296875, "1": 0.4296875, "2": 0.4296875, "3": 0.047119140625, "4": 0.384765625, "5": 0.384765625, "6": 0.0400390625}, "21": {"0": 0.423828125, "1": 0.423828125, "2": 0.423828125, "3": 0.060791015625, "4": 0.40234375, "5": 0.40234375, "6": 0.04443359375}, "22": {"0": 0.439453125, "1": 0.439453125, "2": 0.439453125, "3": 0.04833984375, "4": 0.412109375, "5": 0.412109375, "6": 0.044921875}, "23": {"0": 0.451171875, "1": 0.451171875, "2": 0.451171875, "3": 0.03564453125, "4": 0.423828125, "5": 0.423828125, "6": 0.044677734375}, "24": {"0": 0.453125, "1": 0.453125, "2": 0.453125, "3": 0.05078125, "4": 0.435546875, "5": 0.435546875, "6": 0.0458984375}, "25": {"0": 0.462890625, "1": 0.462890625, "2": 0.462890625, "3": 0.051513671875, "4": 0.453125, "5": 0.453125, "6": 0.048583984375}, "26": {"0": 0.447265625, "1": 0.447265625, "2": 0.447265625, "3": 0.078125, "4": 0.47265625, "5": 0.47265625, "6": 0.053466796875}, "27": {"0": 0.482421875, "1": 0.482421875, "2": 0.482421875, "3": 0.07373046875, "4": 0.494140625, "5": 0.494140625, "6": 0.05908203125}, "28": {"0": 0.4765625, "1": 0.4765625, "2": 0.4765625, "3": 0.08154296875, "4": 0.515625, "5": 0.515625, "6": 0.0673828125}, "29": {"0": 0.51171875, "1": 0.51171875, "2": 0.51171875, "3": 0.07568359375, "4": 0.53125, "5": 0.53125, "6": 0.0751953125}, "30": {"0": 0.482421875, "1": 0.482421875, "2": 0.482421875, "3": 0.1328125, "4": 0.5546875, "5": 0.5546875, "6": 0.1005859375}, "31": {"0": 0.435546875, "1": 0.435546875, "2": 0.435546875, "3": 0.1484375, "4": 0.47265625, "5": 0.47265625, "6": 0.1572265625}}