{"0": {"0": 0.01116943359375, "1": 0.01116943359375, "2": 0.01116943359375, "3": 0.001922607421875, "4": 0.06591796875, "5": 0.06591796875, "6": 0.0014190673828125}, "1": {"0": 0.046875, "1": 0.046875, "2": 0.046875, "3": 0.0030975341796875, "4": 0.091796875, "5": 0.091796875, "6": 0.0021514892578125}, "2": {"0": 0.1689453125, "1": 0.1689453125, "2": 0.1689453125, "3": 0.00299072265625, "4": 0.1201171875, "5": 0.1201171875, "6": 0.0032806396484375}, "3": {"0": 0.208984375, "1": 0.208984375, "2": 0.208984375, "3": 0.01129150390625, "4": 0.1376953125, "5": 0.1376953125, "6": 0.0059814453125}, "4": {"0": 0.1845703125, "1": 0.1845703125, "2": 0.1845703125, "3": 0.0162353515625, "4": 0.1572265625, "5": 0.1572265625, "6": 0.00933837890625}, "5": {"0": 0.2080078125, "1": 0.2080078125, "2": 0.2080078125, "3": 0.0169677734375, "4": 0.1689453125, "5": 0.1689453125, "6": 0.0111083984375}, "6": {"0": 0.212890625, "1": 0.212890625, "2": 0.212890625, "3": 0.0267333984375, "4": 0.17578125, "5": 0.17578125, "6": 0.012939453125}, "7": {"0": 0.2236328125, "1": 0.2236328125, "2": 0.2236328125, "3": 0.034912109375, "4": 0.1767578125, "5": 0.1767578125, "6": 0.01397705078125}, "8": {"0": 0.2392578125, "1": 0.2392578125, "2": 0.2392578125, "3": 0.039306640625, "4": 0.1806640625, "5": 0.1806640625, "6": 0.01513671875}, "9": {"0": 0.2412109375, "1": 0.2412109375, "2": 0.2412109375, "3": 0.041259765625, "4": 0.1826171875, "5": 0.1826171875, "6": 0.015625}, "10": {"0": 0.2490234375, "1": 0.2490234375, "2": 0.2490234375, "3": 0.043701171875, "4": 0.185546875, "5": 0.185546875, "6": 0.01611328125}, "11": {"0": 0.2578125, "1": 0.2578125, "2": 0.2578125, "3": 0.049560546875, "4": 0.189453125, "5": 0.189453125, "6": 0.0167236328125}, "12": {"0": 0.2392578125, "1": 0.2392578125, "2": 0.2392578125, "3": 0.053955078125, "4": 0.1865234375, "5": 0.1865234375, "6": 0.017333984375}, "13": {"0": 0.271484375, "1": 0.271484375, "2": 0.271484375, "3": 0.051025390625, "4": 0.1923828125, "5": 0.1923828125, "6": 0.01904296875}, "14": {"0": 0.26953125, "1": 0.26953125, "2": 0.26953125, "3": 0.056884765625, "4": 0.201171875, "5": 0.201171875, "6": 0.02001953125}, "15": {"0": 0.265625, "1": 0.265625, "2": 0.265625, "3": 0.049560546875, "4": 0.2109375, "5": 0.2109375, "6": 0.022216796875}, "16": {"0": 0.255859375, "1": 0.255859375, "2": 0.255859375, "3": 0.04443359375, "4": 0.220703125, "5": 0.220703125, "6": 0.0216064453125}, "17": {"0": 0.265625, "1": 0.265625, "2": 0.265625, "3": 0.03466796875, "4": 0.228515625, "5": 0.228515625, "6": 0.0230712890625}, "18": {"0": 0.2734375, "1": 0.2734375, "2": 0.2734375, "3": 0.015625, "4": 0.234375, "5": 0.234375, "6": 0.02099609375}, "19": {"0": 0.2734375, "1": 0.2734375, "2": 0.2734375, "3": 0.0224609375, "4": 0.240234375, "5": 0.240234375, "6": 0.021240234375}, "20": {"0": 0.275390625, "1": 0.275390625, "2": 0.275390625, "3": 0.024658203125, "4": 0.2490234375, "5": 0.2490234375, "6": 0.021728515625}, "21": {"0": 0.271484375, "1": 0.271484375, "2": 0.271484375, "3": 0.03173828125, "4": 0.259765625, "5": 0.259765625, "6": 0.0242919921875}, "22": {"0": 0.28125, "1": 0.28125, "2": 0.28125, "3": 0.0247802734375, "4": 0.267578125, "5": 0.267578125, "6": 0.0245361328125}, "23": {"0": 0.291015625, "1": 0.291015625, "2": 0.291015625, "3": 0.018798828125, "4": 0.275390625, "5": 0.275390625, "6": 0.02392578125}, "24": {"0": 0.291015625, "1": 0.291015625, "2": 0.291015625, "3": 0.0262451171875, "4": 0.283203125, "5": 0.283203125, "6": 0.024658203125}, "25": {"0": 0.296875, "1": 0.296875, "2": 0.296875, "3": 0.0263671875, "4": 0.29296875, "5": 0.29296875, "6": 0.0260009765625}, "26": {"0": 0.287109375, "1": 0.287109375, "2": 0.287109375, "3": 0.040771484375, "4": 0.3046875, "5": 0.3046875, "6": 0.0286865234375}, "27": {"0": 0.310546875, "1": 0.310546875, "2": 0.310546875, "3": 0.034912109375, "4": 0.3203125, "5": 0.3203125, "6": 0.03173828125}, "28": {"0": 0.306640625, "1": 0.306640625, "2": 0.306640625, "3": 0.04052734375, "4": 0.333984375, "5": 0.333984375, "6": 0.035888671875}, "29": {"0": 0.328125, "1": 0.328125, "2": 0.328125, "3": 0.031494140625, "4": 0.34375, "5": 0.34375, "6": 0.03955078125}, "30": {"0": 0.310546875, "1": 0.310546875, "2": 0.310546875, "3": 0.0732421875, "4": 0.359375, "5": 0.359375, "6": 0.05126953125}, "31": {"0": 0.28125, "1": 0.28125, "2": 0.28125, "3": 0.07666015625, "4": 0.306640625, "5": 0.306640625, "6": 0.0673828125}}