{"eval/loss": 12.81769847869873, "eval/runtime": 0.8301, "eval/samples_per_second": 12.046, "eval/steps_per_second": 1.205, "train/epoch": 3.0, "train/global_step": 18, "_timestamp": 1742971565.2682183, "_runtime": 31.222389221191406, "_step": 4, "train/loss": 3.4271, "train/grad_norm": 702843.8125, "train/learning_rate": 8.888888888888888e-06, "train_runtime": 33.9298, "train_samples_per_second": 7.958, "train_steps_per_second": 0.531, "total_flos": 297303465000960.0, "train_loss": 3.38027646806505, "_wandb": {"runtime": 30}}