{"0": {"0": 0.055908203125, "1": 0.055908203125, "2": 0.055908203125, "3": 0.00872802734375, "4": 0.52734375, "5": 0.52734375, "6": 0.039306640625}, "1": {"0": 0.443359375, "1": 0.443359375, "2": 0.443359375, "3": 0.08447265625, "4": 0.62109375, "5": 0.62109375, "6": 0.053466796875}, "2": {"0": 0.55078125, "1": 0.55078125, "2": 0.55078125, "3": 0.0947265625, "4": 0.703125, "5": 0.703125, "6": 0.0673828125}, "3": {"0": 0.625, "1": 0.625, "2": 0.625, "3": 0.099609375, "4": 0.796875, "5": 0.796875, "6": 0.08251953125}, "4": {"0": 0.62890625, "1": 0.62890625, "2": 0.62890625, "3": 0.146484375, "4": 0.8125, "5": 0.8125, "6": 0.09228515625}, "5": {"0": 0.78515625, "1": 0.78515625, "2": 0.78515625, "3": 0.1591796875, "4": 1.0, "5": 1.0, "6": 0.10693359375}, "6": {"0": 0.6796875, "1": 0.6796875, "2": 0.6796875, "3": 0.1630859375, "4": 0.8515625, "5": 0.8515625, "6": 0.1015625}, "7": {"0": 0.72265625, "1": 0.72265625, "2": 0.72265625, "3": 0.1396484375, "4": 0.83203125, "5": 0.83203125, "6": 0.10107421875}, "8": {"0": 0.625, "1": 0.625, "2": 0.625, "3": 0.234375, "4": 0.75, "5": 0.75, "6": 0.09130859375}, "9": {"0": 0.80078125, "1": 0.80078125, "2": 0.80078125, "3": 0.1572265625, "4": 0.7578125, "5": 0.7578125, "6": 0.0869140625}, "10": {"0": 0.75, "1": 0.75, "2": 0.75, "3": 0.248046875, "4": 0.71484375, "5": 0.71484375, "6": 0.083984375}, "11": {"0": 0.9140625, "1": 0.9140625, "2": 0.9140625, "3": 0.158203125, "4": 0.765625, "5": 0.765625, "6": 0.08447265625}, "12": {"0": 0.796875, "1": 0.796875, "2": 0.796875, "3": 0.2490234375, "4": 0.71484375, "5": 0.71484375, "6": 0.0859375}, "13": {"0": 0.875, "1": 0.875, "2": 0.875, "3": 0.224609375, "4": 0.75390625, "5": 0.75390625, "6": 0.09423828125}, "14": {"0": 0.9453125, "1": 0.9453125, "2": 0.9453125, "3": 0.337890625, "4": 0.75390625, "5": 0.75390625, "6": 0.10498046875}, "15": {"0": 0.921875, "1": 0.921875, "2": 0.921875, "3": 0.291015625, "4": 0.8359375, "5": 0.8359375, "6": 0.123046875}, "16": {"0": 1.015625, "1": 1.015625, "2": 1.015625, "3": 0.08740234375, "4": 0.92578125, "5": 0.92578125, "6": 0.134765625}, "17": {"0": 1.0, "1": 1.0, "2": 1.0, "3": 0.1328125, "4": 1.0625, "5": 1.0625, "6": 0.142578125}, "18": {"0": 0.9609375, "1": 0.9609375, "2": 0.9609375, "3": 0.177734375, "4": 1.046875, "5": 1.046875, "6": 0.14453125}, "19": {"0": 0.84765625, "1": 0.84765625, "2": 0.84765625, "3": 0.31640625, "4": 1.171875, "5": 1.171875, "6": 0.1806640625}, "20": {"0": 0.9921875, "1": 0.9921875, "2": 0.9921875, "3": 0.1982421875, "4": 1.2109375, "5": 1.2109375, "6": 0.208984375}, "21": {"0": 0.7890625, "1": 0.7890625, "2": 0.7890625, "3": 0.181640625, "4": 1.2109375, "5": 1.2109375, "6": 0.197265625}, "22": {"0": 0.71875, "1": 0.71875, "2": 0.71875, "3": 0.25390625, "4": 1.1640625, "5": 1.1640625, "6": 0.2021484375}, "23": {"0": 0.78515625, "1": 0.78515625, "2": 0.78515625, "3": 0.4453125, "4": 1.2578125, "5": 1.2578125, "6": 0.22265625}}