{"0": {"0": 0.033935546875, "1": 0.033935546875, "2": 0.033935546875, "3": 0.005035400390625, "4": 0.333984375, "5": 0.333984375, "6": 0.0184326171875}, "1": {"0": 0.275390625, "1": 0.275390625, "2": 0.275390625, "3": 0.049072265625, "4": 0.392578125, "5": 0.392578125, "6": 0.028564453125}, "2": {"0": 0.333984375, "1": 0.333984375, "2": 0.333984375, "3": 0.05078125, "4": 0.443359375, "5": 0.443359375, "6": 0.03662109375}, "3": {"0": 0.37890625, "1": 0.37890625, "2": 0.37890625, "3": 0.0498046875, "4": 0.50390625, "5": 0.50390625, "6": 0.046142578125}, "4": {"0": 0.380859375, "1": 0.380859375, "2": 0.380859375, "3": 0.0810546875, "4": 0.51953125, "5": 0.51953125, "6": 0.052490234375}, "5": {"0": 0.486328125, "1": 0.486328125, "2": 0.486328125, "3": 0.083984375, "4": 0.640625, "5": 0.640625, "6": 0.06298828125}, "6": {"0": 0.419921875, "1": 0.419921875, "2": 0.419921875, "3": 0.09423828125, "4": 0.546875, "5": 0.546875, "6": 0.05859375}, "7": {"0": 0.453125, "1": 0.453125, "2": 0.453125, "3": 0.07177734375, "4": 0.53125, "5": 0.53125, "6": 0.0576171875}, "8": {"0": 0.380859375, "1": 0.380859375, "2": 0.380859375, "3": 0.13671875, "4": 0.47265625, "5": 0.47265625, "6": 0.0517578125}, "9": {"0": 0.48046875, "1": 0.48046875, "2": 0.48046875, "3": 0.06494140625, "4": 0.474609375, "5": 0.474609375, "6": 0.04833984375}, "10": {"0": 0.44140625, "1": 0.44140625, "2": 0.44140625, "3": 0.140625, "4": 0.447265625, "5": 0.447265625, "6": 0.046875}, "11": {"0": 0.54296875, "1": 0.54296875, "2": 0.54296875, "3": 0.057373046875, "4": 0.48046875, "5": 0.48046875, "6": 0.046142578125}, "12": {"0": 0.466796875, "1": 0.466796875, "2": 0.466796875, "3": 0.1455078125, "4": 0.447265625, "5": 0.447265625, "6": 0.04736328125}, "13": {"0": 0.5234375, "1": 0.5234375, "2": 0.5234375, "3": 0.111328125, "4": 0.47265625, "5": 0.47265625, "6": 0.051513671875}, "14": {"0": 0.5546875, "1": 0.5546875, "2": 0.5546875, "3": 0.189453125, "4": 0.4765625, "5": 0.4765625, "6": 0.0576171875}, "15": {"0": 0.5546875, "1": 0.5546875, "2": 0.5546875, "3": 0.166015625, "4": 0.52734375, "5": 0.52734375, "6": 0.06884765625}, "16": {"0": 0.62890625, "1": 0.62890625, "2": 0.62890625, "3": 0.0322265625, "4": 0.5859375, "5": 0.5859375, "6": 0.076171875}, "17": {"0": 0.625, "1": 0.625, "2": 0.625, "3": 0.064453125, "4": 0.671875, "5": 0.671875, "6": 0.08251953125}, "18": {"0": 0.6015625, "1": 0.6015625, "2": 0.6015625, "3": 0.087890625, "4": 0.65625, "5": 0.65625, "6": 0.08203125}, "19": {"0": 0.51171875, "1": 0.51171875, "2": 0.51171875, "3": 0.1708984375, "4": 0.73828125, "5": 0.73828125, "6": 0.10400390625}, "20": {"0": 0.609375, "1": 0.609375, "2": 0.609375, "3": 0.0947265625, "4": 0.76171875, "5": 0.76171875, "6": 0.119140625}, "21": {"0": 0.47265625, "1": 0.47265625, "2": 0.47265625, "3": 0.10888671875, "4": 0.75, "5": 0.75, "6": 0.11279296875}, "22": {"0": 0.427734375, "1": 0.427734375, "2": 0.427734375, "3": 0.158203125, "4": 0.7265625, "5": 0.7265625, "6": 0.111328125}, "23": {"0": 0.474609375, "1": 0.474609375, "2": 0.474609375, "3": 0.2578125, "4": 0.78515625, "5": 0.78515625, "6": 0.125}}