{"0": {"0": 0.0751953125, "1": 0.0751953125, "2": 0.0751953125, "3": 0.0120849609375, "4": 0.6640625, "5": 0.6640625, "6": 0.05908203125}, "1": {"0": 0.57421875, "1": 0.57421875, "2": 0.57421875, "3": 0.11474609375, "4": 0.78515625, "5": 0.78515625, "6": 0.0732421875}, "2": {"0": 0.73046875, "1": 0.73046875, "2": 0.73046875, "3": 0.13671875, "4": 0.88671875, "5": 0.88671875, "6": 0.09228515625}, "3": {"0": 0.8203125, "1": 0.8203125, "2": 0.8203125, "3": 0.1474609375, "4": 1.0078125, "5": 1.0078125, "6": 0.11083984375}, "4": {"0": 0.82421875, "1": 0.82421875, "2": 0.82421875, "3": 0.201171875, "4": 1.0234375, "5": 1.0234375, "6": 0.1220703125}, "5": {"0": 1.015625, "1": 1.015625, "2": 1.015625, "3": 0.224609375, "4": 1.25, "5": 1.25, "6": 0.140625}, "6": {"0": 0.8828125, "1": 0.8828125, "2": 0.8828125, "3": 0.22265625, "4": 1.0703125, "5": 1.0703125, "6": 0.1337890625}, "7": {"0": 0.9296875, "1": 0.9296875, "2": 0.9296875, "3": 0.203125, "4": 1.046875, "5": 1.046875, "6": 0.1337890625}, "8": {"0": 0.8125, "1": 0.8125, "2": 0.8125, "3": 0.314453125, "4": 0.94921875, "5": 0.94921875, "6": 0.12109375}, "9": {"0": 1.0625, "1": 1.0625, "2": 1.0625, "3": 0.2392578125, "4": 0.9609375, "5": 0.9609375, "6": 0.11669921875}, "10": {"0": 0.984375, "1": 0.984375, "2": 0.984375, "3": 0.3359375, "4": 0.90625, "5": 0.90625, "6": 0.11328125}, "11": {"0": 1.21875, "1": 1.21875, "2": 1.21875, "3": 0.2421875, "4": 0.97265625, "5": 0.97265625, "6": 0.115234375}, "12": {"0": 1.046875, "1": 1.046875, "2": 1.046875, "3": 0.333984375, "4": 0.91015625, "5": 0.91015625, "6": 0.11669921875}, "13": {"0": 1.140625, "1": 1.140625, "2": 1.140625, "3": 0.322265625, "4": 0.9609375, "5": 0.9609375, "6": 0.1279296875}, "14": {"0": 1.234375, "1": 1.234375, "2": 1.234375, "3": 0.458984375, "4": 0.9609375, "5": 0.9609375, "6": 0.142578125}, "15": {"0": 1.1953125, "1": 1.1953125, "2": 1.1953125, "3": 0.392578125, "4": 1.0625, "5": 1.0625, "6": 0.1650390625}, "16": {"0": 1.3203125, "1": 1.3203125, "2": 1.3203125, "3": 0.16015625, "4": 1.171875, "5": 1.171875, "6": 0.181640625}, "17": {"0": 1.2890625, "1": 1.2890625, "2": 1.2890625, "3": 0.197265625, "4": 1.34375, "5": 1.34375, "6": 0.189453125}, "18": {"0": 1.234375, "1": 1.234375, "2": 1.234375, "3": 0.259765625, "4": 1.328125, "5": 1.328125, "6": 0.193359375}, "19": {"0": 1.109375, "1": 1.109375, "2": 1.109375, "3": 0.43359375, "4": 1.484375, "5": 1.484375, "6": 0.2421875}, "20": {"0": 1.3046875, "1": 1.3046875, "2": 1.3046875, "3": 0.291015625, "4": 1.546875, "5": 1.546875, "6": 0.28125}, "21": {"0": 1.078125, "1": 1.078125, "2": 1.078125, "3": 0.26171875, "4": 1.5546875, "5": 1.5546875, "6": 0.263671875}, "22": {"0": 0.98046875, "1": 0.98046875, "2": 0.98046875, "3": 0.328125, "4": 1.4921875, "5": 1.4921875, "6": 0.279296875}, "23": {"0": 1.0625, "1": 1.0625, "2": 1.0625, "3": 0.62890625, "4": 1.609375, "5": 1.609375, "6": 0.310546875}}