{"0": {"0": 0.0068511962890625, "1": 0.0068511962890625, "2": 0.0068511962890625, "3": 0.0012331008911132812, "4": 0.0262908935546875, "5": 0.0262908935546875, "6": 0.0008425712585449219}, "1": {"0": 0.028045654296875, "1": 0.028045654296875, "2": 0.028045654296875, "3": 0.0037479400634765625, "4": 0.05047607421875, "5": 0.05047607421875, "6": 0.002197265625}, "2": {"0": 0.09796142578125, "1": 0.09796142578125, "2": 0.09796142578125, "3": 0.00528717041015625, "4": 0.075927734375, "5": 0.075927734375, "6": 0.004055023193359375}, "3": {"0": 0.174560546875, "1": 0.174560546875, "2": 0.174560546875, "3": 0.006622314453125, "4": 0.0982666015625, "5": 0.0982666015625, "6": 0.00616455078125}, "4": {"0": 0.165771484375, "1": 0.165771484375, "2": 0.165771484375, "3": 0.01094818115234375, "4": 0.11578369140625, "5": 0.11578369140625, "6": 0.0099029541015625}, "5": {"0": 0.182373046875, "1": 0.182373046875, "2": 0.182373046875, "3": 0.0122528076171875, "4": 0.133544921875, "5": 0.133544921875, "6": 0.0129852294921875}, "6": {"0": 0.2352294921875, "1": 0.2352294921875, "2": 0.2352294921875, "3": 0.0201416015625, "4": 0.149169921875, "5": 0.149169921875, "6": 0.0168914794921875}, "7": {"0": 0.2486572265625, "1": 0.2486572265625, "2": 0.2486572265625, "3": 0.0248565673828125, "4": 0.161376953125, "5": 0.161376953125, "6": 0.020782470703125}, "8": {"0": 0.2471923828125, "1": 0.2471923828125, "2": 0.2471923828125, "3": 0.029083251953125, "4": 0.1683349609375, "5": 0.1683349609375, "6": 0.0227508544921875}, "9": {"0": 0.255859375, "1": 0.255859375, "2": 0.255859375, "3": 0.0399169921875, "4": 0.1748046875, "5": 0.1748046875, "6": 0.0261383056640625}, "10": {"0": 0.258544921875, "1": 0.258544921875, "2": 0.258544921875, "3": 0.048675537109375, "4": 0.1787109375, "5": 0.1787109375, "6": 0.0275421142578125}, "11": {"0": 0.287353515625, "1": 0.287353515625, "2": 0.287353515625, "3": 0.042877197265625, "4": 0.1856689453125, "5": 0.1856689453125, "6": 0.028228759765625}, "12": {"0": 0.28857421875, "1": 0.28857421875, "2": 0.28857421875, "3": 0.04815673828125, "4": 0.1915283203125, "5": 0.1915283203125, "6": 0.0296173095703125}, "13": {"0": 0.294921875, "1": 0.294921875, "2": 0.294921875, "3": 0.049774169921875, "4": 0.1973876953125, "5": 0.1973876953125, "6": 0.0313720703125}, "14": {"0": 0.301025390625, "1": 0.301025390625, "2": 0.301025390625, "3": 0.05303955078125, "4": 0.206298828125, "5": 0.206298828125, "6": 0.032958984375}, "15": {"0": 0.29638671875, "1": 0.29638671875, "2": 0.29638671875, "3": 0.052276611328125, "4": 0.214599609375, "5": 0.214599609375, "6": 0.03497314453125}, "16": {"0": 0.304931640625, "1": 0.304931640625, "2": 0.304931640625, "3": 0.048095703125, "4": 0.229736328125, "5": 0.229736328125, "6": 0.038604736328125}, "17": {"0": 0.318115234375, "1": 0.318115234375, "2": 0.318115234375, "3": 0.033905029296875, "4": 0.2435302734375, "5": 0.2435302734375, "6": 0.039764404296875}, "18": {"0": 0.33837890625, "1": 0.33837890625, "2": 0.33837890625, "3": 0.0309906005859375, "4": 0.25830078125, "5": 0.25830078125, "6": 0.04205322265625}, "19": {"0": 0.3369140625, "1": 0.3369140625, "2": 0.3369140625, "3": 0.0281524658203125, "4": 0.26708984375, "5": 0.26708984375, "6": 0.0428466796875}, "20": {"0": 0.339599609375, "1": 0.339599609375, "2": 0.339599609375, "3": 0.027984619140625, "4": 0.277099609375, "5": 0.277099609375, "6": 0.04547119140625}, "21": {"0": 0.3623046875, "1": 0.3623046875, "2": 0.3623046875, "3": 0.0213623046875, "4": 0.286865234375, "5": 0.286865234375, "6": 0.046295166015625}, "22": {"0": 0.36767578125, "1": 0.36767578125, "2": 0.36767578125, "3": 0.02508544921875, "4": 0.2958984375, "5": 0.2958984375, "6": 0.048828125}, "23": {"0": 0.39208984375, "1": 0.39208984375, "2": 0.39208984375, "3": 0.022216796875, "4": 0.303955078125, "5": 0.303955078125, "6": 0.05029296875}, "24": {"0": 0.38330078125, "1": 0.38330078125, "2": 0.38330078125, "3": 0.0263824462890625, "4": 0.31005859375, "5": 0.31005859375, "6": 0.051605224609375}, "25": {"0": 0.412841796875, "1": 0.412841796875, "2": 0.412841796875, "3": 0.0214691162109375, "4": 0.31884765625, "5": 0.31884765625, "6": 0.054595947265625}, "26": {"0": 0.400634765625, "1": 0.400634765625, "2": 0.400634765625, "3": 0.0306549072265625, "4": 0.324462890625, "5": 0.324462890625, "6": 0.05780029296875}, "27": {"0": 0.40869140625, "1": 0.40869140625, "2": 0.40869140625, "3": 0.02618408203125, "4": 0.333740234375, "5": 0.333740234375, "6": 0.0618896484375}, "28": {"0": 0.41455078125, "1": 0.41455078125, "2": 0.41455078125, "3": 0.03118896484375, "4": 0.3408203125, "5": 0.3408203125, "6": 0.0670166015625}, "29": {"0": 0.4013671875, "1": 0.4013671875, "2": 0.4013671875, "3": 0.038299560546875, "4": 0.340087890625, "5": 0.340087890625, "6": 0.072021484375}, "30": {"0": 0.407958984375, "1": 0.407958984375, "2": 0.407958984375, "3": 0.034698486328125, "4": 0.3388671875, "5": 0.3388671875, "6": 0.0838623046875}, "31": {"0": 0.337890625, "1": 0.337890625, "2": 0.337890625, "3": 0.07257080078125, "4": 0.3046875, "5": 0.3046875, "6": 0.10260009765625}}