{"0": {"0": 5.616129783447832e-11, "1": 5.616129783447832e-11, "2": 5.616129783447832e-11, "3": 7.785274647176266e-10, "4": 0.0, "5": 0.0, "6": 1.3358203432289883e-11, "7": 0.0, "8": 0.0, "9": 2.1259438653942198e-11, "10": 0.0, "11": 0.0, "12": 1.4097167877480388e-10, "13": 0.0, "14": 0.0, "15": 1.1027623258996755e-11, "16": 0.0, "17": 0.0, "18": 8.640199666842818e-11, "19": 0.0, "20": 0.0, "21": 7.185008144006133e-11, "22": 0.0, "23": 0.0, "24": 6.093614501878619e-11, "25": 0.0, "26": 0.0, "27": 5.547917680814862e-11, "28": 0.0}, "1": {"0": 0.0, "1": 0.0, "2": 0.0, "3": 1.4551915228366852e-09, "4": 0.0, "5": 0.0, "6": 1.0504663805477321e-10, "7": 0.0, "8": 0.0, "9": 3.888089850079268e-11, "10": 0.0, "11": 0.0, "12": 1.3278622645884752e-10, "13": 0.0, "14": 0.0, "15": 4.774847184307873e-11, "16": 0.0, "17": 0.0, "18": 3.9835867937654257e-10, "19": 0.0, "20": 0.0, "21": 3.383320290595293e-10, "22": 0.0, "23": 0.0, "24": 5.161382432561368e-11, "25": 0.0, "26": 0.0, "27": 4.774847184307873e-11, "28": 0.0}, "2": {"0": 0.0, "1": 0.0, "2": 0.0, "3": 3.026798367500305e-09, "4": 0.0, "5": 0.0, "6": 4.43833414465189e-10, "7": 0.0, "8": 0.0, "9": 7.844391802791506e-12, "10": 0.0, "11": 0.0, "12": 3.710738383233547e-10, "13": 0.0, "14": 0.0, "15": 2.7057467377744615e-11, "16": 0.0, "17": 0.0, "18": 2.0804691303055733e-11, "19": 0.0, "20": 0.0, "21": 1.4642864698544145e-10, "22": 0.0, "23": 0.0, "24": 1.716671249596402e-11, "25": 0.0, "26": 0.0, "27": 7.275957614183426e-11, "28": 0.0}, "3": {"0": 0.0, "1": 0.0, "2": 0.0, "3": 2.3283064365386963e-10, "4": 0.0, "5": 0.0, "6": 1.9099388737231493e-10, "7": 0.0, "8": 0.0, "9": 2.510205376893282e-10, "10": 0.0, "11": 0.0, "12": 0.0, "13": 0.0, "14": 0.0, "15": 3.3651303965598345e-10, "16": 0.0, "17": 0.0, "18": 2.0827428670600057e-10, "19": 0.0, "20": 0.0, "21": 1.7007550923153758e-10, "22": 0.0, "23": 0.0, "24": 4.765752237290144e-10, "25": 0.0, "26": 0.0, "27": 0.0, "28": 0.0}, "4": {"0": 0.0, "1": 0.0, "2": 0.0, "3": 9.313225746154785e-10, "4": 0.0, "5": 0.0, "6": 1.979060471057892e-09, "7": 0.0, "8": 0.0, "9": 1.191438059322536e-10, "10": 0.0, "11": 0.0, "12": 6.475602276623249e-10, "13": 0.0, "14": 0.0, "15": 2.000888343900442e-11, "16": 0.0, "17": 0.0, "18": 3.0740920919924974e-10, "19": 0.0, "20": 0.0, "21": 7.021299097687006e-10, "22": 0.0, "23": 0.0, "24": 7.748894859105349e-10, "25": 0.0, "26": 0.0, "27": 5.002220859751105e-11, "28": 0.0}, "5": {"0": 0.0, "1": 0.0, "2": 0.0, "3": 2.7939677238464355e-09, "4": 0.0, "5": 0.0, "6": 2.2846506908535957e-09, "7": 0.0, "8": 0.0, "9": 3.3287506084889174e-10, "10": 0.0, "11": 0.0, "12": 3.9472070056945086e-10, "13": 0.0, "14": 0.0, "15": 3.3287506084889174e-10, "16": 0.0, "17": 0.0, "18": 1.7826096154749393e-10, "19": 0.0, "20": 0.0, "21": 1.0550138540565968e-10, "22": 0.0, "23": 0.0, "24": 3.3287506084889174e-10, "25": 0.0, "26": 0.0, "27": 1.6825651982799172e-10, "28": 0.0}, "6": {"0": 0.0, "1": 0.0, "2": 0.0, "3": 4.423782229423523e-09, "4": 0.0, "5": 0.0, "6": 4.411049303598702e-11, "7": 0.0, "8": 0.0, "9": 2.954038791358471e-09, "10": 0.0, "11": 0.0, "12": 1.3242242857813835e-09, "13": 0.0, "14": 0.0, "15": 2.663000486791134e-09, "16": 0.0, "17": 0.0, "18": 5.529727786779404e-10, "19": 0.0, "20": 0.0, "21": 1.3242242857813835e-09, "22": 0.0, "23": 0.0, "24": 2.1827872842550278e-09, "25": 0.0, "26": 0.0, "27": 1.2514647096395493e-09, "28": 0.0}, "7": {"0": 0.0, "1": 0.0, "2": 0.0, "3": 0.0, "4": 0.0, "5": 0.0, "6": 3.521563485264778e-09, "7": 0.0, "8": 0.0, "9": 2.9831426218152046e-10, "10": 0.0, "11": 0.0, "12": 3.6816345527768135e-09, "13": 0.0, "14": 0.0, "15": 1.724401954561472e-09, "16": 0.0, "17": 0.0, "18": 5.566107574850321e-10, "19": 0.0, "20": 0.0, "21": 1.8189894035458565e-09, "22": 0.0, "23": 0.0, "24": 1.127773430198431e-10, "25": 0.0, "26": 0.0, "27": 2.1245796233415604e-09, "28": 0.0}, "8": {"0": 0.0, "1": 0.0, "2": 0.0, "3": 0.0, "4": 0.0, "5": 0.0, "6": 3.1141098588705063e-09, "7": 0.0, "8": 0.0, "9": 2.7212081477046013e-09, "10": 0.0, "11": 0.0, "12": 2.255546860396862e-09, "13": 0.0, "14": 0.0, "15": 9.822542779147625e-11, "16": 0.0, "17": 0.0, "18": 5.784386303275824e-10, "19": 0.0, "20": 0.0, "21": 3.2014213502407074e-10, "22": 0.0, "23": 0.0, "24": 6.082700565457344e-09, "25": 0.0, "26": 0.0, "27": 4.045432433485985e-09, "28": 0.0}, "9": {"0": 0.0, "1": 0.0, "2": 0.0, "3": 1.30385160446167e-08, "4": 0.0, "5": 0.0, "6": 2.9831426218152046e-09, "7": 0.0, "8": 0.0, "9": 1.6443664208054543e-09, "10": 0.0, "11": 0.0, "12": 1.4406396076083183e-09, "13": 0.0, "14": 0.0, "15": 1.82626536116004e-09, "16": 0.0, "17": 0.0, "18": 1.0695657692849636e-09, "19": 0.0, "20": 0.0, "21": 7.566995918750763e-09, "22": 0.0, "23": 0.0, "24": 1.877197064459324e-09, "25": 0.0, "26": 0.0, "27": 9.313225746154785e-10, "28": 0.0}, "10": {"0": 0.0, "1": 0.0, "2": 0.0, "3": 4.6566128730773926e-09, "4": 0.0, "5": 0.0, "6": 1.2514647096395493e-09, "7": 0.0, "8": 0.0, "9": 6.766640581190586e-10, "10": 0.0, "11": 0.0, "12": 1.9208528101444244e-09, "13": 0.0, "14": 0.0, "15": 1.9372237147763371e-10, "16": 0.0, "17": 0.0, "18": 1.673470251262188e-09, "19": 0.0, "20": 0.0, "21": 1.331500243395567e-09, "22": 0.0, "23": 0.0, "24": 1.2369127944111824e-10, "25": 0.0, "26": 0.0, "27": 4.94765117764473e-09, "28": 0.0}, "11": {"0": 0.0, "1": 0.0, "2": 0.0, "3": 5.529727786779404e-10, "4": 0.0, "5": 0.0, "6": 2.582964953035116e-10, "7": 0.0, "8": 0.0, "9": 3.2741809263825417e-10, "10": 0.0, "11": 0.0, "12": 3.2887328416109085e-09, "13": 0.0, "14": 0.0, "15": 6.51925802230835e-09, "16": 0.0, "17": 0.0, "18": 6.868503987789154e-09, "19": 0.0, "20": 0.0, "21": 9.686118573881686e-11, "22": 0.0, "23": 0.0, "24": 5.529727786779404e-10, "25": 0.0, "26": 0.0, "27": 1.6007106751203537e-09, "28": 0.0}, "12": {"0": 0.0, "1": 0.0, "2": 0.0, "3": 2.2351741790771484e-08, "4": 0.0, "5": 0.0, "6": 5.471520125865936e-09, "7": 0.0, "8": 0.0, "9": 1.0186340659856796e-09, "10": 0.0, "11": 0.0, "12": 1.0986695997416973e-09, "13": 0.0, "14": 0.0, "15": 2.7794158086180687e-09, "16": 0.0, "17": 0.0, "18": 3.219611244276166e-10, "19": 0.0, "20": 0.0, "21": 3.230525180697441e-09, "22": 0.0, "23": 0.0, "24": 6.621121428906918e-10, "25": 0.0, "26": 0.0, "27": 5.122274160385132e-09, "28": 0.0}, "13": {"0": 0.0, "1": 0.0, "2": 0.0, "3": 4.470348358154297e-08, "4": 0.0, "5": 0.0, "6": 5.420588422566652e-10, "7": 0.0, "8": 0.0, "9": 1.877197064459324e-09, "10": 0.0, "11": 0.0, "12": 4.874891601502895e-10, "13": 0.0, "14": 0.0, "15": 5.617039278149605e-09, "16": 0.0, "17": 0.0, "18": 5.617039278149605e-09, "19": 0.0, "20": 0.0, "21": 2.7284841053187847e-10, "22": 0.0, "23": 0.0, "24": 6.111804395914078e-09, "25": 0.0, "26": 0.0, "27": 2.1100277081131935e-09, "28": 0.0}, "14": {"0": 0.0, "1": 0.0, "2": 0.0, "3": 1.955777406692505e-08, "4": 0.0, "5": 0.0, "6": 5.129550117999315e-10, "7": 0.0, "8": 0.0, "9": 3.92901711165905e-09, "10": 0.0, "11": 0.0, "12": 2.066371962428093e-09, "13": 0.0, "14": 0.0, "15": 5.566107574850321e-10, "16": 0.0, "17": 0.0, "18": 2.9976945370435715e-09, "19": 0.0, "20": 0.0, "21": 2.293381839990616e-08, "22": 0.0, "23": 0.0, "24": 0.0, "25": 0.0, "26": 0.0, "27": 6.024492904543877e-09, "28": 0.0}, "15": {"0": 0.0, "1": 0.0, "2": 0.0, "3": 2.0954757928848267e-08, "4": 0.0, "5": 0.0, "6": 1.8510036170482635e-08, "7": 0.0, "8": 0.0, "9": 4.540197551250458e-09, "10": 0.0, "11": 0.0, "12": 6.1409082263708115e-09, "13": 0.0, "14": 0.0, "15": 1.1525116860866547e-08, "16": 0.0, "17": 0.0, "18": 3.1141098588705063e-09, "19": 0.0, "20": 0.0, "21": 1.622538547962904e-09, "22": 0.0, "23": 0.0, "24": 6.606569513678551e-09, "25": 0.0, "26": 0.0, "27": 1.3751559890806675e-09, "28": 0.0}, "16": {"0": 0.0, "1": 0.0, "2": 0.0, "3": 1.4668330550193787e-08, "4": 0.0, "5": 0.0, "6": 9.058567229658365e-10, "7": 0.0, "8": 0.0, "9": 3.2741809263825417e-10, "10": 0.0, "11": 0.0, "12": 3.230525180697441e-09, "13": 0.0, "14": 0.0, "15": 2.874003257602453e-10, "16": 0.0, "17": 0.0, "18": 1.6952981241047382e-09,