{"0": {"0": 0.0206298828125, "1": 0.0206298828125, "2": 0.0206298828125, "3": 0.00738525390625, "4": 0.1328125, "5": 0.095703125, "6": 0.003875732421875, "7": 0.095703125, "8": 0.1279296875, "9": 0.00592041015625, "10": 0.1279296875, "11": 0.1640625, "12": 0.00750732421875, "13": 0.1640625, "14": 0.158203125, "15": 0.007354736328125, "16": 0.158203125, "17": 0.142578125, "18": 0.00640869140625, "19": 0.142578125, "20": 0.123046875, "21": 0.004974365234375, "22": 0.123046875, "23": 0.1201171875, "24": 0.0054931640625, "25": 0.1201171875, "26": 0.1279296875, "27": 0.00537109375, "28": 0.1279296875}, "1": {"0": 0.09326171875, "1": 0.09326171875, "2": 0.09326171875, "3": 0.031982421875, "4": 0.2158203125, "5": 0.208984375, "6": 0.01104736328125, "7": 0.208984375, "8": 0.2119140625, "9": 0.01116943359375, "10": 0.2119140625, "11": 0.216796875, "12": 0.01214599609375, "13": 0.216796875, "14": 0.21484375, "15": 0.0128173828125, "16": 0.21484375, "17": 0.2314453125, "18": 0.01300048828125, "19": 0.2314453125, "20": 0.2265625, "21": 0.012939453125, "22": 0.2265625, "23": 0.2021484375, "24": 0.01263427734375, "25": 0.2021484375, "26": 0.2138671875, "27": 0.01226806640625, "28": 0.2138671875}, "2": {"0": 0.490234375, "1": 0.490234375, "2": 0.490234375, "3": 0.030517578125, "4": 0.287109375, "5": 0.271484375, "6": 0.016845703125, "7": 0.271484375, "8": 0.29296875, "9": 0.0191650390625, "10": 0.29296875, "11": 0.30078125, "12": 0.0194091796875, "13": 0.30078125, "14": 0.287109375, "15": 0.0185546875, "16": 0.287109375, "17": 0.30078125, "18": 0.02001953125, "19": 0.30078125, "20": 0.291015625, "21": 0.019287109375, "22": 0.291015625, "23": 0.2890625, "24": 0.019775390625, "25": 0.2890625, "26": 0.259765625, "27": 0.016357421875, "28": 0.259765625}, "3": {"0": 0.41796875, "1": 0.41796875, "2": 0.41796875, "3": 0.045166015625, "4": 0.349609375, "5": 0.35546875, "6": 0.02685546875, "7": 0.35546875, "8": 0.359375, "9": 0.0277099609375, "10": 0.359375, "11": 0.353515625, "12": 0.027099609375, "13": 0.353515625, "14": 0.322265625, "15": 0.0240478515625, "16": 0.322265625, "17": 0.3515625, "18": 0.028076171875, "19": 0.3515625, "20": 0.337890625, "21": 0.0252685546875, "22": 0.337890625, "23": 0.361328125, "24": 0.0284423828125, "25": 0.361328125, "26": 0.361328125, "27": 0.0286865234375, "28": 0.361328125}, "4": {"0": 0.55859375, "1": 0.55859375, "2": 0.55859375, "3": 0.07177734375, "4": 0.421875, "5": 0.443359375, "6": 0.046630859375, "7": 0.443359375, "8": 0.40234375, "9": 0.03955078125, "10": 0.40234375, "11": 0.4375, "12": 0.04345703125, "13": 0.4375, "14": 0.41796875, "15": 0.040771484375, "16": 0.41796875, "17": 0.427734375, "18": 0.043212890625, "19": 0.427734375, "20": 0.400390625, "21": 0.0390625, "22": 0.400390625, "23": 0.423828125, "24": 0.042236328125, "25": 0.423828125, "26": 0.421875, "27": 0.041015625, "28": 0.421875}, "5": {"0": 0.6640625, "1": 0.6640625, "2": 0.6640625, "3": 0.1005859375, "4": 0.51953125, "5": 0.546875, "6": 0.06396484375, "7": 0.546875, "8": 0.5078125, "9": 0.057373046875, "10": 0.5078125, "11": 0.515625, "12": 0.05810546875, "13": 0.515625, "14": 0.5, "15": 0.056396484375, "16": 0.5, "17": 0.5234375, "18": 0.05908203125, "19": 0.5234375, "20": 0.53515625, "21": 0.06103515625, "22": 0.53515625, "23": 0.51171875, "24": 0.057861328125, "25": 0.51171875, "26": 0.52734375, "27": 0.05908203125, "28": 0.52734375}, "6": {"0": 0.6328125, "1": 0.6328125, "2": 0.6328125, "3": 0.1259765625, "4": 0.57421875, "5": 0.5703125, "6": 0.07080078125, "7": 0.5703125, "8": 0.58203125, "9": 0.076171875, "10": 0.58203125, "11": 0.5859375, "12": 0.07470703125, "13": 0.5859375, "14": 0.59375, "15": 0.076171875, "16": 0.59375, "17": 0.578125, "18": 0.07373046875, "19": 0.578125, "20": 0.55859375, "21": 0.0703125, "22": 0.55859375, "23": 0.5703125, "24": 0.0732421875, "25": 0.5703125, "26": 0.5625, "27": 0.0703125, "28": 0.5625}, "7": {"0": 0.72265625, "1": 0.72265625, "2": 0.72265625, "3": 0.16796875, "4": 0.640625, "5": 0.65625, "6": 0.08984375, "7": 0.65625, "8": 0.6484375, "9": 0.0888671875, "10": 0.6484375, "11": 0.63671875, "12": 0.0869140625, "13": 0.63671875, "14": 0.65234375, "15": 0.08935546875, "16": 0.65234375, "17": 0.6484375, "18": 0.0888671875, "19": 0.6484375, "20": 0.609375, "21": 0.07861328125, "22": 0.609375, "23": 0.60546875, "24": 0.08203125, "25": 0.60546875, "26": 0.67578125, "27": 0.09619140625, "28": 0.67578125}, "8": {"0": 0.7578125, "1": 0.7578125, "2": 0.7578125, "3": 0.19140625, "4": 0.6796875, "5": 0.67578125, "6": 0.09814453125, "7": 0.67578125, "8": 0.7109375, "9": 0.10400390625, "10": 0.7109375, "11": 0.6484375, "12": 0.09130859375, "13": 0.6484375, "14": 0.6796875, "15": 0.09765625, "16": 0.6796875, "17": 0.6875, "18": 0.099609375, "19": 0.6875, "20": 0.65625, "21": 0.09521484375, "22": 0.65625, "23": 0.69921875, "24": 0.103515625, "25": 0.69921875, "26": 0.703125, "27": 0.09912109375, "28": 0.703125}, "9": {"0": 0.92578125, "1": 0.92578125, "2": 0.92578125, "3": 0.203125, "4": 0.72265625, "5": 0.73828125, "6": 0.11669921875, "7": 0.73828125, "8": 0.73828125, "9": 0.115234375, "10": 0.73828125, "11": 0.75390625, "12": 0.1181640625, "13": 0.75390625, "14": 0.7265625, "15": 0.111328125, "16": 0.7265625, "17": 0.75, "18": 0.115234375, "19": 0.75, "20": 0.7109375, "21": 0.107421875, "22": 0.7109375, "23": 0.67578125, "24": 0.1025390625, "25": 0.67578125, "26": 0.7109375, "27": 0.1064453125, "28": 0.7109375}, "10": {"0": 0.8359375, "1": 0.8359375, "2": 0.8359375, "3": 0.25, "4": 0.7421875, "5": 0.69921875, "6": 0.11669921875, "7": 0.69921875, "8": 0.77734375, "9": 0.1328125, "10": 0.77734375, "11": 0.74609375, "12": 0.12158203125, "13": 0.74609375, "14": 0.76171875, "15": 0.1298828125, "16": 0.76171875, "17": 0.72265625, "18": 0.119140625, "19": 0.72265625, "20": 0.76171875, "21": 0.126953125, "22": 0.76171875, "23": 0.7578125, "24": 0.1240234375, "25": 0.7578125, "26": 0.73046875, "27": 0.115234375, "28": 0.73046875}, "11": {"0": 0.93359375, "1": 0.93359375, "2": 0.93359375, "3": 0.267578125, "4": 0.7734375, "5": 0.75390625, "6": 0.1240234375, "7": 0.75390625, "8": 0.765625, "9": 0.130859375, "10": 0.765625, "11": 0.765625, "12": 0.1279296875, "13": 0.765625, "14": 0.85546875, "15": 0.1572265625, "16": 0.85546875, "17": 0.75, "18": 0.130859375, "19": 0.75, "20": 0.80859375, "21": 0.1416015625, "22": 0.80859375, "23": 0.78515625, "24": 0.134765625, "25": 0.78515625, "26": 0.78515625, "27": 0.12890625, "28": 0.78515625}, "12": {"0": 1.0234375, "1": 1.0234375, "2": 1.0234375, "3": 0.30859375, "4": 0.83203125, "5": 0.8515625, "6": 0.1484375, "7": 0.8515625, "8": 0.828125, "9": 0.1416015625, "10": 0.828125, "11": 0.8359375, "12": 0.1435546875, "13": 0.8359375, "14": 0.81640625, "15": 0.1396484375, "16": 0.81640625, "17": 0.84375, "18": 0.1474609375, "19": 0.84375, "20": 0.84375, "21": 0.14453125, "22": 0.84375, "23": 0.7890625, "24": 0.138671875, "25": 0.7890625, "26": 0.90234375, "27": 0.1708984375, "28": 0.90234375}, "13": {"0": 1.0, "1": 1.0, "2": 1.0, "3": 0.34375, "4": 0.91015625, "5": 0.91796875, "6": 0.1650390625, "7": 0.91796875, "8": 0.94921875, "9": 0.1708984375, "10": 0.94921875, "11": 0.9140625, "12": 0.1669921875, "13": 0.9140625, "14": 0.90234375, "15": 0.162109375, "16": 0.90234375, "17": 0.875, "18": 0.1572265625, "19": 0.875, "20": 0.91796875, "21": 0.166015625, "22": 0.91796875, "23": 0.8984375, "24": 0.158203125, "25": 0.8984375, "26": 0.91796875, "27": 0.1689453125, "28": 0.91796875}, "14": {"0": 1.125, "1": 1.125, "2": 1.125, "3": 0.40234375, "4": 0.94921875, "5": 0.96875, "6": 0.1875, "7": 0.96875, "8": 0.9375, "9": 0.1796875, "10": 0.9375, "11": 0.96875, "12": 0.1826171875, "13": 0.96875, "14": 0.96875, "15": 0.185546875, "16": 0.96875, "17": 0.96875, "18": 0.1865234375, "19": 0.96875, "20": 0.9375, "21": 0.18359375, "22": 0.9375, "23": 0.92578125, "24": 0.171875, "25": 0.92578125, "26": 0.8984375, "27": 0.173828125, "28": 0.8984375}, "15": {"0": 1.296875, "1": 1.296875, "2": 1.296875, "3": 0.423828125,