{"0": {"0": 0.0038604736328125, "1": 0.0038604736328125, "2": 0.0038604736328125, "3": 0.00372314453125, "4": 0.080078125, "5": 0.05859375, "6": 0.0016632080078125, "7": 0.05859375, "8": 0.0791015625, "9": 0.0026702880859375, "10": 0.0791015625, "11": 0.10498046875, "12": 0.0034637451171875, "13": 0.10498046875, "14": 0.1005859375, "15": 0.0033721923828125, "16": 0.1005859375, "17": 0.0888671875, "18": 0.00299072265625, "19": 0.0888671875, "20": 0.07373046875, "21": 0.0020751953125, "22": 0.07373046875, "23": 0.07177734375, "24": 0.00238037109375, "25": 0.07177734375, "26": 0.07763671875, "27": 0.002410888671875, "28": 0.07763671875}, "1": {"0": 0.036376953125, "1": 0.036376953125, "2": 0.036376953125, "3": 0.0166015625, "4": 0.1376953125, "5": 0.1328125, "6": 0.00506591796875, "7": 0.1328125, "8": 0.134765625, "9": 0.005096435546875, "10": 0.134765625, "11": 0.1396484375, "12": 0.0057373046875, "13": 0.1396484375, "14": 0.1376953125, "15": 0.006195068359375, "16": 0.1376953125, "17": 0.1494140625, "18": 0.006103515625, "19": 0.1494140625, "20": 0.146484375, "21": 0.006103515625, "22": 0.146484375, "23": 0.12890625, "24": 0.0057373046875, "25": 0.12890625, "26": 0.1357421875, "27": 0.005645751953125, "28": 0.1357421875}, "2": {"0": 0.267578125, "1": 0.267578125, "2": 0.267578125, "3": 0.0126953125, "4": 0.1845703125, "5": 0.1748046875, "6": 0.0081787109375, "7": 0.1748046875, "8": 0.189453125, "9": 0.00933837890625, "10": 0.189453125, "11": 0.1943359375, "12": 0.00946044921875, "13": 0.1943359375, "14": 0.1865234375, "15": 0.0091552734375, "16": 0.1865234375, "17": 0.1953125, "18": 0.009765625, "19": 0.1953125, "20": 0.1875, "21": 0.0093994140625, "22": 0.1875, "23": 0.1865234375, "24": 0.00958251953125, "25": 0.1865234375, "26": 0.1669921875, "27": 0.00787353515625, "28": 0.1669921875}, "3": {"0": 0.2451171875, "1": 0.2451171875, "2": 0.2451171875, "3": 0.02099609375, "4": 0.2255859375, "5": 0.2294921875, "6": 0.01324462890625, "7": 0.2294921875, "8": 0.232421875, "9": 0.013671875, "10": 0.232421875, "11": 0.2255859375, "12": 0.01312255859375, "13": 0.2255859375, "14": 0.2080078125, "15": 0.0118408203125, "16": 0.2080078125, "17": 0.2265625, "18": 0.01385498046875, "19": 0.2265625, "20": 0.2177734375, "21": 0.0123291015625, "22": 0.2177734375, "23": 0.2333984375, "24": 0.01416015625, "25": 0.2333984375, "26": 0.234375, "27": 0.0142822265625, "28": 0.234375}, "4": {"0": 0.33203125, "1": 0.33203125, "2": 0.33203125, "3": 0.036376953125, "4": 0.271484375, "5": 0.287109375, "6": 0.024169921875, "7": 0.287109375, "8": 0.259765625, "9": 0.0201416015625, "10": 0.259765625, "11": 0.283203125, "12": 0.0224609375, "13": 0.283203125, "14": 0.271484375, "15": 0.02099609375, "16": 0.271484375, "17": 0.27734375, "18": 0.022216796875, "19": 0.27734375, "20": 0.2578125, "21": 0.0198974609375, "22": 0.2578125, "23": 0.2734375, "24": 0.0218505859375, "25": 0.2734375, "26": 0.26953125, "27": 0.0208740234375, "28": 0.26953125}, "5": {"0": 0.40625, "1": 0.40625, "2": 0.40625, "3": 0.0458984375, "4": 0.3359375, "5": 0.353515625, "6": 0.03369140625, "7": 0.353515625, "8": 0.328125, "9": 0.0296630859375, "10": 0.328125, "11": 0.33203125, "12": 0.0302734375, "13": 0.33203125, "14": 0.32421875, "15": 0.0296630859375, "16": 0.32421875, "17": 0.3359375, "18": 0.0306396484375, "19": 0.3359375, "20": 0.345703125, "21": 0.031982421875, "22": 0.345703125, "23": 0.330078125, "24": 0.0303955078125, "25": 0.330078125, "26": 0.33984375, "27": 0.0311279296875, "28": 0.33984375}, "6": {"0": 0.384765625, "1": 0.384765625, "2": 0.384765625, "3": 0.0634765625, "4": 0.37109375, "5": 0.369140625, "6": 0.03759765625, "7": 0.369140625, "8": 0.375, "9": 0.040771484375, "10": 0.375, "11": 0.37890625, "12": 0.039794921875, "13": 0.37890625, "14": 0.384765625, "15": 0.041015625, "16": 0.384765625, "17": 0.373046875, "18": 0.039306640625, "19": 0.373046875, "20": 0.361328125, "21": 0.03759765625, "22": 0.361328125, "23": 0.3671875, "24": 0.0390625, "25": 0.3671875, "26": 0.36328125, "27": 0.037841796875, "28": 0.36328125}, "7": {"0": 0.4453125, "1": 0.4453125, "2": 0.4453125, "3": 0.08837890625, "4": 0.4140625, "5": 0.42578125, "6": 0.04833984375, "7": 0.42578125, "8": 0.421875, "9": 0.048583984375, "10": 0.421875, "11": 0.412109375, "12": 0.047607421875, "13": 0.412109375, "14": 0.419921875, "15": 0.0478515625, "16": 0.419921875, "17": 0.419921875, "18": 0.048095703125, "19": 0.419921875, "20": 0.39453125, "21": 0.04248046875, "22": 0.39453125, "23": 0.392578125, "24": 0.044921875, "25": 0.392578125, "26": 0.4375, "27": 0.052734375, "28": 0.4375}, "8": {"0": 0.46875, "1": 0.46875, "2": 0.46875, "3": 0.10400390625, "4": 0.44140625, "5": 0.4375, "6": 0.053466796875, "7": 0.4375, "8": 0.4609375, "9": 0.05712890625, "10": 0.4609375, "11": 0.421875, "12": 0.050048828125, "13": 0.421875, "14": 0.44140625, "15": 0.0537109375, "16": 0.44140625, "17": 0.443359375, "18": 0.053955078125, "19": 0.443359375, "20": 0.42578125, "21": 0.052490234375, "22": 0.42578125, "23": 0.455078125, "24": 0.056884765625, "25": 0.455078125, "26": 0.455078125, "27": 0.05322265625, "28": 0.455078125}, "9": {"0": 0.57421875, "1": 0.57421875, "2": 0.57421875, "3": 0.10595703125, "4": 0.46875, "5": 0.48046875, "6": 0.06396484375, "7": 0.48046875, "8": 0.478515625, "9": 0.06298828125, "10": 0.478515625, "11": 0.490234375, "12": 0.0654296875, "13": 0.490234375, "14": 0.470703125, "15": 0.060546875, "16": 0.470703125, "17": 0.486328125, "18": 0.06201171875, "19": 0.486328125, "20": 0.462890625, "21": 0.058837890625, "22": 0.462890625, "23": 0.439453125, "24": 0.056640625, "25": 0.439453125, "26": 0.462890625, "27": 0.05810546875, "28": 0.462890625}, "10": {"0": 0.5234375, "1": 0.5234375, "2": 0.5234375, "3": 0.140625, "4": 0.48046875, "5": 0.453125, "6": 0.06494140625, "7": 0.453125, "8": 0.50390625, "9": 0.07373046875, "10": 0.50390625, "11": 0.482421875, "12": 0.0673828125, "13": 0.482421875, "14": 0.494140625, "15": 0.0712890625, "16": 0.494140625, "17": 0.46875, "18": 0.06640625, "19": 0.46875, "20": 0.494140625, "21": 0.0703125, "22": 0.494140625, "23": 0.48828125, "24": 0.06787109375, "25": 0.48828125, "26": 0.474609375, "27": 0.0634765625, "28": 0.474609375}, "11": {"0": 0.58203125, "1": 0.58203125, "2": 0.58203125, "3": 0.142578125, "4": 0.50390625, "5": 0.48828125, "6": 0.06884765625, "7": 0.48828125, "8": 0.498046875, "9": 0.0732421875, "10": 0.498046875, "11": 0.49609375, "12": 0.0703125, "13": 0.49609375, "14": 0.55859375, "15": 0.08447265625, "16": 0.55859375, "17": 0.48828125, "18": 0.0732421875, "19": 0.48828125, "20": 0.5234375, "21": 0.07763671875, "22": 0.5234375, "23": 0.51171875, "24": 0.07470703125, "25": 0.51171875, "26": 0.5078125, "27": 0.07080078125, "28": 0.5078125}, "12": {"0": 0.63671875, "1": 0.63671875, "2": 0.63671875, "3": 0.1591796875, "4": 0.5390625, "5": 0.55078125, "6": 0.08203125, "7": 0.55078125, "8": 0.5390625, "9": 0.07861328125, "10": 0.5390625, "11": 0.54296875, "12": 0.07958984375, "13": 0.54296875, "14": 0.53125, "15": 0.078125, "16": 0.53125, "17": 0.546875, "18": 0.08056640625, "19": 0.546875, "20": 0.546875, "21": 0.080078125, "22": 0.546875, "23": 0.51171875, "24": 0.07763671875, "25": 0.51171875, "26": 0.58203125, "27": 0.091796875, "28": 0.58203125}, "13": {"0": 0.6328125, "1": 0.6328125, "2": 0.6328125, "3": 0.1953125, "4": 0.58984375, "5": 0.59375, "6": 0.09130859375, "7": 0.59375, "8": 0.61328125, "9": 0.0947265625, "10": 0.61328125, "11": 0.58984375, "12": 0.09228515625, "13": 0.58984375, "14": 0.58203125, "15": 0.09033203125, "16": 0.58203125, "17": 0.56640625, "18": 0.087890625, "19": 0.56640625, "20": 0.59765625, "21": 0.0927734375, "22": 0.59765625, "23": 0.58203125, "24": 0.087890625, "25": 0.58203125, "26": 0.59765625, "27": 0.09375, "28": 0.59765625}, "14": {"0": 0.7109375, "1": 0.7109375, "2": 0.7109375, "3": 0.21484375, "4": 0.61328125, "5": 0.625, "6": 0.10498046875, "7": 0.625, "8": 0.60546875, "9": 0.1015625, "10": 0.60546875, "11": 0.625, "12": 0.10205078125,