{"0": {"0": 1.6391277313232422e-07, "1": 1.6391277313232422e-07, "2": 1.6391277313232422e-07, "3": 2.3283064365386963e-09, "4": 0.0, "5": 0.0, "6": 6.039044819772243e-10}, "1": {"0": 0.0, "1": 0.0, "2": 0.0, "3": 1.1175870895385742e-08, "4": 0.0, "5": 0.0, "6": 6.803020369261503e-10}, "2": {"0": 0.0, "1": 0.0, "2": 0.0, "3": 3.3527612686157227e-08, "4": 0.0, "5": 0.0, "6": 3.255991032347083e-10}, "3": {"0": 0.0, "1": 0.0, "2": 0.0, "3": 2.0023435354232788e-08, "4": 0.0, "5": 0.0, "6": 4.69299266114831e-10}, "4": {"0": 0.0, "1": 0.0, "2": 0.0, "3": 6.984919309616089e-08, "4": 0.0, "5": 0.0, "6": 2.35741026699543e-09}, "5": {"0": 0.0, "1": 0.0, "2": 0.0, "3": 2.7939677238464355e-09, "4": 0.0, "5": 0.0, "6": 1.7826096154749393e-09}, "6": {"0": 0.0, "1": 0.0, "2": 0.0, "3": 4.0978193283081055e-08, "4": 0.0, "5": 0.0, "6": 9.38598532229662e-10}, "7": {"0": 0.0, "1": 0.0, "2": 0.0, "3": 5.960464477539063e-08, "4": 0.0, "5": 0.0, "6": 1.2732925824820995e-09}, "8": {"0": 0.0, "1": 0.0, "2": 0.0, "3": 9.872019290924072e-08, "4": 0.0, "5": 0.0, "6": 5.1513779908418655e-09}, "9": {"0": 0.0, "1": 0.0, "2": 0.0, "3": 8.102506399154663e-08, "4": 0.0, "5": 0.0, "6": 1.7826096154749393e-09}, "10": {"0": 0.0, "1": 0.0, "2": 0.0, "3": 3.725290298461914e-09, "4": 0.0, "5": 0.0, "6": 1.04046193882823e-09}, "11": {"0": 0.0, "1": 0.0, "2": 0.0, "3": 4.220055416226387e-10, "4": 0.0, "5": 0.0, "6": 3.346940502524376e-10}, "12": {"0": 0.0, "1": 0.0, "2": 0.0, "3": 2.9802322387695312e-08, "4": 0.0, "5": 0.0, "6": 1.1059455573558807e-09}, "13": {"0": 0.0, "1": 0.0, "2": 0.0, "3": 6.51925802230835e-08, "4": 0.0, "5": 0.0, "6": 6.664777174592018e-09}, "14": {"0": 0.0, "1": 0.0, "2": 0.0, "3": 5.21540641784668e-08, "4": 0.0, "5": 0.0, "6": 2.6193447411060333e-09}, "15": {"0": 0.0, "1": 0.0, "2": 0.0, "3": 1.0207295417785645e-06, "4": 0.0, "5": 0.0, "6": 3.2741809263825417e-10}, "16": {"0": 0.0, "1": 0.0, "2": 0.0, "3": 3.958120942115784e-09, "4": 0.0, "5": 0.0, "6": 1.1204974725842476e-09}, "17": {"0": 0.0, "1": 0.0, "2": 0.0, "3": 2.3283064365386963e-09, "4": 0.0, "5": 0.0, "6": 7.639755494892597e-10}, "18": {"0": 0.0, "1": 0.0, "2": 0.0, "3": 6.51925802230835e-08, "4": 0.0, "5": 0.0, "6": 3.8708094507455826e-09}, "19": {"0": 0.0, "1": 0.0, "2": 0.0, "3": 2.300366759300232e-07, "4": 0.0, "5": 0.0, "6": 1.964508555829525e-09}, "20": {"0": 0.0, "1": 0.0, "2": 0.0, "3": 1.955777406692505e-08, "4": 0.0, "5": 0.0, "6": 1.964508555829525e-09}, "21": {"0": 0.0, "1": 0.0, "2": 0.0, "3": 4.353933036327362e-08, "4": 0.0, "5": 0.0, "6": 0.0}, "22": {"0": 0.0, "1": 0.0, "2": 0.0, "3": 0.0, "4": 0.0, "5": 0.0, "6": 2.066371962428093e-09}, "23": {"0": 0.0, "1": 0.0, "2": 0.0, "3": 2.3096799850463867e-07, "4": 0.0, "5": 0.0, "6": 3.6816345527768135e-09}}