{"0": {"0": 0.04345703125, "1": 0.04345703125, "2": 0.04345703125, "3": 0.006591796875, "4": 0.421875, "5": 0.421875, "6": 0.0269775390625}, "1": {"0": 0.349609375, "1": 0.349609375, "2": 0.349609375, "3": 0.06396484375, "4": 0.49609375, "5": 0.49609375, "6": 0.039306640625}, "2": {"0": 0.4296875, "1": 0.4296875, "2": 0.4296875, "3": 0.06884765625, "4": 0.5625, "5": 0.5625, "6": 0.050048828125}, "3": {"0": 0.486328125, "1": 0.486328125, "2": 0.486328125, "3": 0.06982421875, "4": 0.63671875, "5": 0.63671875, "6": 0.06201171875}, "4": {"0": 0.48828125, "1": 0.48828125, "2": 0.48828125, "3": 0.10888671875, "4": 0.65234375, "5": 0.65234375, "6": 0.06982421875}, "5": {"0": 0.62109375, "1": 0.62109375, "2": 0.62109375, "3": 0.115234375, "4": 0.8046875, "5": 0.8046875, "6": 0.08251953125}, "6": {"0": 0.53515625, "1": 0.53515625, "2": 0.53515625, "3": 0.12353515625, "4": 0.6875, "5": 0.6875, "6": 0.07763671875}, "7": {"0": 0.57421875, "1": 0.57421875, "2": 0.57421875, "3": 0.099609375, "4": 0.66796875, "5": 0.66796875, "6": 0.07666015625}, "8": {"0": 0.490234375, "1": 0.490234375, "2": 0.490234375, "3": 0.1787109375, "4": 0.59765625, "5": 0.59765625, "6": 0.0693359375}, "9": {"0": 0.62109375, "1": 0.62109375, "2": 0.62109375, "3": 0.10302734375, "4": 0.6015625, "5": 0.6015625, "6": 0.0654296875}, "10": {"0": 0.578125, "1": 0.578125, "2": 0.578125, "3": 0.1875, "4": 0.56640625, "5": 0.56640625, "6": 0.06298828125}, "11": {"0": 0.70703125, "1": 0.70703125, "2": 0.70703125, "3": 0.10009765625, "4": 0.609375, "5": 0.609375, "6": 0.0625}, "12": {"0": 0.6171875, "1": 0.6171875, "2": 0.6171875, "3": 0.1904296875, "4": 0.56640625, "5": 0.56640625, "6": 0.064453125}, "13": {"0": 0.6796875, "1": 0.6796875, "2": 0.6796875, "3": 0.1591796875, "4": 0.6015625, "5": 0.6015625, "6": 0.06982421875}, "14": {"0": 0.73046875, "1": 0.73046875, "2": 0.73046875, "3": 0.25390625, "4": 0.6015625, "5": 0.6015625, "6": 0.078125}, "15": {"0": 0.71875, "1": 0.71875, "2": 0.71875, "3": 0.2197265625, "4": 0.6640625, "5": 0.6640625, "6": 0.0927734375}, "16": {"0": 0.80078125, "1": 0.80078125, "2": 0.80078125, "3": 0.051513671875, "4": 0.73828125, "5": 0.73828125, "6": 0.10205078125}, "17": {"0": 0.79296875, "1": 0.79296875, "2": 0.79296875, "3": 0.091796875, "4": 0.8515625, "5": 0.8515625, "6": 0.109375}, "18": {"0": 0.76171875, "1": 0.76171875, "2": 0.76171875, "3": 0.12451171875, "4": 0.83203125, "5": 0.83203125, "6": 0.10986328125}, "19": {"0": 0.66015625, "1": 0.66015625, "2": 0.66015625, "3": 0.2333984375, "4": 0.93359375, "5": 0.93359375, "6": 0.1376953125}, "20": {"0": 0.77734375, "1": 0.77734375, "2": 0.77734375, "3": 0.13671875, "4": 0.96484375, "5": 0.96484375, "6": 0.158203125}, "21": {"0": 0.609375, "1": 0.609375, "2": 0.609375, "3": 0.1396484375, "4": 0.95703125, "5": 0.95703125, "6": 0.1494140625}, "22": {"0": 0.55078125, "1": 0.55078125, "2": 0.55078125, "3": 0.201171875, "4": 0.921875, "5": 0.921875, "6": 0.150390625}, "23": {"0": 0.609375, "1": 0.609375, "2": 0.609375, "3": 0.3359375, "4": 0.99609375, "5": 0.99609375, "6": 0.1669921875}}