{
    "0": {
        "0": 0.008845420554280281,
        "1": 0.008845420554280281,
        "2": 0.008845420554280281,
        "3": 0.0012597200693562627,
        "4": 0.033431701362133026,
        "5": 0.033431701362133026,
        "6": 0.0012664247769862413
    },
    "1": {
        "0": 0.03782043978571892,
        "1": 0.03782043978571892,
        "2": 0.03782043978571892,
        "3": 0.004333751276135445,
        "4": 0.06443346291780472,
        "5": 0.06443346291780472,
        "6": 0.003263456979766488
    },
    "2": {
        "0": 0.1244841143488884,
        "1": 0.1244841143488884,
        "2": 0.1244841143488884,
        "3": 0.0068359458819031715,
        "4": 0.09425441175699234,
        "5": 0.09425441175699234,
        "6": 0.005764069501310587
    },
    "3": {
        "0": 0.21862320601940155,
        "1": 0.21862320601940155,
        "2": 0.21862320601940155,
        "3": 0.009202887304127216,
        "4": 0.12060669809579849,
        "5": 0.12060669809579849,
        "6": 0.008904721587896347
    },
    "4": {
        "0": 0.20508909225463867,
        "1": 0.20508909225463867,
        "2": 0.20508909225463867,
        "3": 0.01683792471885681,
        "4": 0.14256465435028076,
        "5": 0.14256465435028076,
        "6": 0.014162521809339523
    },
    "5": {
        "0": 0.22751452028751373,
        "1": 0.22751452028751373,
        "2": 0.22751452028751373,
        "3": 0.022313306108117104,
        "4": 0.16397792100906372,
        "5": 0.16397792100906372,
        "6": 0.018661344423890114
    },
    "6": {
        "0": 0.29288822412490845,
        "1": 0.29288822412490845,
        "2": 0.29288822412490845,
        "3": 0.03076433390378952,
        "4": 0.18446247279644012,
        "5": 0.18446247279644012,
        "6": 0.02438865602016449
    },
    "7": {
        "0": 0.3084942102432251,
        "1": 0.3084942102432251,
        "2": 0.3084942102432251,
        "3": 0.03783978894352913,
        "4": 0.19724896550178528,
        "5": 0.19724896550178528,
        "6": 0.02904193289577961
    },
    "8": {
        "0": 0.3046586513519287,
        "1": 0.3046586513519287,
        "2": 0.3046586513519287,
        "3": 0.04833924397826195,
        "4": 0.20497269928455353,
        "5": 0.20497269928455353,
        "6": 0.031974829733371735
    },
    "9": {
        "0": 0.31438085436820984,
        "1": 0.31438085436820984,
        "2": 0.31438085436820984,
        "3": 0.06391391903162003,
        "4": 0.21293403208255768,
        "5": 0.21293403208255768,
        "6": 0.03588241711258888
    },
    "10": {
        "0": 0.3182739019393921,
        "1": 0.3182739019393921,
        "2": 0.3182739019393921,
        "3": 0.07419155538082123,
        "4": 0.21772576868534088,
        "5": 0.21772576868534088,
        "6": 0.03760579600930214
    },
    "11": {
        "0": 0.3534478545188904,
        "1": 0.3534478545188904,
        "2": 0.3534478545188904,
        "3": 0.07470792531967163,
        "4": 0.22644546627998352,
        "5": 0.22644546627998352,
        "6": 0.04048948362469673
    },
    "12": {
        "0": 0.35537534952163696,
        "1": 0.35537534952163696,
        "2": 0.35537534952163696,
        "3": 0.07952655106782913,
        "4": 0.233317032456398,
        "5": 0.233317032456398,
        "6": 0.04221246764063835
    },
    "13": {
        "0": 0.36130455136299133,
        "1": 0.36130455136299133,
        "2": 0.36130455136299133,
        "3": 0.0819949358701706,
        "4": 0.2392445057630539,
        "5": 0.2392445057630539,
        "6": 0.045409973710775375
    },
    "14": {
        "0": 0.36717888712882996,
        "1": 0.36717888712882996,
        "2": 0.36717888712882996,
        "3": 0.0868624821305275,
        "4": 0.24995391070842743,
        "5": 0.24995391070842743,
        "6": 0.04759141057729721
    },
    "15": {
        "0": 0.3613770008087158,
        "1": 0.3613770008087158,
        "2": 0.3613770008087158,
        "3": 0.08642174303531647,
        "4": 0.26155316829681396,
        "5": 0.26155316829681396,
        "6": 0.05172594264149666
    },
    "16": {
        "0": 0.3730364143848419,
        "1": 0.3730364143848419,
        "2": 0.3730364143848419,
        "3": 0.08782976865768433,
        "4": 0.2811738848686218,
        "5": 0.2811738848686218,
        "6": 0.05781947076320648
    },
    "17": {
        "0": 0.39039546251296997,
        "1": 0.39039546251296997,
        "2": 0.39039546251296997,
        "3": 0.059466663748025894,
        "4": 0.29876279830932617,
        "5": 0.29876279830932617,
        "6": 0.05977983772754669
    },
    "18": {
        "0": 0.41593050956726074,
        "1": 0.41593050956726074,
        "2": 0.41593050956726074,
        "3": 0.05363389104604721,
        "4": 0.31632065773010254,
        "5": 0.31632065773010254,
        "6": 0.06294792890548706
    },
    "19": {
        "0": 0.4139154553413391,
        "1": 0.4139154553413391,
        "2": 0.4139154553413391,
        "3": 0.04294814169406891,
        "4": 0.32618191838264465,
        "5": 0.32618191838264465,
        "6": 0.06389845162630081
    },
    "20": {
        "0": 0.4159705936908722,
        "1": 0.4159705936908722,
        "2": 0.4159705936908722,
        "3": 0.043679967522621155,
        "4": 0.3377867043018341,
        "5": 0.3377867043018341,
        "6": 0.06877905875444412
    },
    "21": {
        "0": 0.4431755542755127,
        "1": 0.4431755542755127,
        "2": 0.4431755542755127,
        "3": 0.031183691695332527,
        "4": 0.347490519285202,
        "5": 0.347490519285202,
        "6": 0.06781350821256638
    },
    "22": {
        "0": 0.4471934735774994,
        "1": 0.4471934735774994,
        "2": 0.4471934735774994,
        "3": 0.039785236120224,
        "4": 0.3553876280784607,
        "5": 0.3553876280784607,
        "6": 0.07127971947193146
    },
    "23": {
        "0": 0.4725714921951294,
        "1": 0.4725714921951294,
        "2": 0.4725714921951294,
        "3": 0.02939475327730179,
        "4": 0.3651505708694458,
        "5": 0.3651505708694458,
        "6": 0.07223062962293625
    },
    "24": {
        "0": 0.4626593589782715,
        "1": 0.4626593589782715,
        "2": 0.4626593589782715,
        "3": 0.03734460100531578,
        "4": 0.3709922432899475,
        "5": 0.3709922432899475,
        "6": 0.07322052121162415
    },
    "25": {
        "0": 0.49583420157432556,
        "1": 0.49583420157432556,
        "2": 0.49583420157432556,
        "3": 0.024592608213424683,
        "4": 0.3827679455280304,
        "5": 0.3827679455280304,
        "6": 0.0775715708732605
    },
    "26": {
        "0": 0.4823698401451111,
        "1": 0.4823698401451111,
        "2": 0.4823698401451111,
        "3": 0.04489247128367424,
        "4": 0.38661664724349976,
        "5": 0.38661664724349976,
        "6": 0.08057564496994019
    },
    "27": {
        "0": 0.4863260090351105,
        "1": 0.4863260090351105,
        "2": 0.4863260090351105,
        "3": 0.03093281015753746,
        "4": 0.39637354016304016,
        "5": 0.39637354016304016,
        "6": 0.08692208677530289
    },
    "28": {
        "0": 0.4940032362937927,
        "1": 0.4940032362937927,
        "2": 0.4940032362937927,
        "3": 0.03516121208667755,
        "4": 0.40437236428260803,
        "5": 0.40437236428260803,
        "6": 0.09564412385225296
    },
    "29": {
        "0": 0.47830185294151306,
        "1": 0.47830185294151306,
        "2": 0.47830185294151306,
        "3": 0.047274451702833176,
        "4": 0.40806880593299866,
        "5": 0.40806880593299866,
        "6": 0.10593410581350327
    },
    "30": {
        "0": 0.48994192481040955,
        "1": 0.48994192481040955,
        "2": 0.48994192481040955,
        "3": 0.04755488410592079,
        "4": 0.40797552466392517,
        "5": 0.40797552466392517,
        "6": 0.12688599526882172
    },
    "31": {
        "0": 0.4079965353012085,
        "1": 0.4079965353012085,
        "2": 0.4079965353012085,