{"0": {"0": 0.00927734375, "1": 0.00927734375, "2": 0.00927734375, "3": 0.00506591796875, "4": 0.10205078125, "5": 0.07421875, "6": 0.0024871826171875, "7": 0.07421875, "8": 0.099609375, "9": 0.00390625, "10": 0.099609375, "11": 0.130859375, "12": 0.005035400390625, "13": 0.130859375, "14": 0.1259765625, "15": 0.0048828125, "16": 0.1259765625, "17": 0.11181640625, "18": 0.004302978515625, "19": 0.11181640625, "20": 0.09423828125, "21": 0.0031585693359375, "22": 0.09423828125, "23": 0.091796875, "24": 0.0035552978515625, "25": 0.091796875, "26": 0.0986328125, "27": 0.0035400390625, "28": 0.0986328125}, "1": {"0": 0.055908203125, "1": 0.055908203125, "2": 0.055908203125, "3": 0.0223388671875, "4": 0.171875, "5": 0.166015625, "6": 0.007354736328125, "7": 0.166015625, "8": 0.16796875, "9": 0.007415771484375, "10": 0.16796875, "11": 0.1728515625, "12": 0.00823974609375, "13": 0.1728515625, "14": 0.1708984375, "15": 0.0087890625, "16": 0.1708984375, "17": 0.185546875, "18": 0.0087890625, "19": 0.185546875, "20": 0.181640625, "21": 0.00872802734375, "22": 0.181640625, "23": 0.16015625, "24": 0.00836181640625, "25": 0.16015625, "26": 0.169921875, "27": 0.0081787109375, "28": 0.169921875}, "2": {"0": 0.3515625, "1": 0.3515625, "2": 0.3515625, "3": 0.0189208984375, "4": 0.2294921875, "5": 0.216796875, "6": 0.0115966796875, "7": 0.216796875, "8": 0.234375, "9": 0.01324462890625, "10": 0.234375, "11": 0.240234375, "12": 0.013427734375, "13": 0.240234375, "14": 0.23046875, "15": 0.01287841796875, "16": 0.23046875, "17": 0.2421875, "18": 0.0137939453125, "19": 0.2421875, "20": 0.232421875, "21": 0.0133056640625, "22": 0.232421875, "23": 0.2314453125, "24": 0.01361083984375, "25": 0.2314453125, "26": 0.20703125, "27": 0.01116943359375, "28": 0.20703125}, "3": {"0": 0.314453125, "1": 0.314453125, "2": 0.314453125, "3": 0.0301513671875, "4": 0.279296875, "5": 0.283203125, "6": 0.0186767578125, "7": 0.283203125, "8": 0.287109375, "9": 0.019287109375, "10": 0.287109375, "11": 0.28125, "12": 0.0186767578125, "13": 0.28125, "14": 0.2578125, "15": 0.0166015625, "16": 0.2578125, "17": 0.28125, "18": 0.01953125, "19": 0.28125, "20": 0.26953125, "21": 0.0174560546875, "22": 0.26953125, "23": 0.2890625, "24": 0.019775390625, "25": 0.2890625, "26": 0.291015625, "27": 0.02001953125, "28": 0.291015625}, "4": {"0": 0.423828125, "1": 0.423828125, "2": 0.423828125, "3": 0.05029296875, "4": 0.3359375, "5": 0.35546875, "6": 0.033203125, "7": 0.35546875, "8": 0.3203125, "9": 0.0279541015625, "10": 0.3203125, "11": 0.349609375, "12": 0.031005859375, "13": 0.349609375, "14": 0.3359375, "15": 0.0289306640625, "16": 0.3359375, "17": 0.34375, "18": 0.0306396484375, "19": 0.34375, "20": 0.3203125, "21": 0.027587890625, "22": 0.3203125, "23": 0.33984375, "24": 0.030029296875, "25": 0.33984375, "26": 0.3359375, "27": 0.0289306640625, "28": 0.3359375}, "5": {"0": 0.515625, "1": 0.515625, "2": 0.515625, "3": 0.06689453125, "4": 0.416015625, "5": 0.4375, "6": 0.046142578125, "7": 0.4375, "8": 0.40625, "9": 0.041015625, "10": 0.40625, "11": 0.412109375, "12": 0.04150390625, "13": 0.412109375, "14": 0.400390625, "15": 0.04052734375, "16": 0.400390625, "17": 0.416015625, "18": 0.042236328125, "19": 0.416015625, "20": 0.427734375, "21": 0.043701171875, "22": 0.427734375, "23": 0.408203125, "24": 0.041748046875, "25": 0.408203125, "26": 0.421875, "27": 0.04248046875, "28": 0.421875}, "6": {"0": 0.48828125, "1": 0.48828125, "2": 0.48828125, "3": 0.087890625, "4": 0.458984375, "5": 0.45703125, "6": 0.05126953125, "7": 0.45703125, "8": 0.46484375, "9": 0.05517578125, "10": 0.46484375, "11": 0.470703125, "12": 0.053955078125, "13": 0.470703125, "14": 0.4765625, "15": 0.055419921875, "16": 0.4765625, "17": 0.462890625, "18": 0.053466796875, "19": 0.462890625, "20": 0.447265625, "21": 0.051025390625, "22": 0.447265625, "23": 0.455078125, "24": 0.052978515625, "25": 0.455078125, "26": 0.451171875, "27": 0.05126953125, "28": 0.451171875}, "7": {"0": 0.5625, "1": 0.5625, "2": 0.5625, "3": 0.12060546875, "4": 0.515625, "5": 0.52734375, "6": 0.0654296875, "7": 0.52734375, "8": 0.51953125, "9": 0.0654296875, "10": 0.51953125, "11": 0.51171875, "12": 0.06396484375, "13": 0.51171875, "14": 0.5234375, "15": 0.06494140625, "16": 0.5234375, "17": 0.51953125, "18": 0.06494140625, "19": 0.51953125, "20": 0.490234375, "21": 0.057373046875, "22": 0.490234375, "23": 0.486328125, "24": 0.060302734375, "25": 0.486328125, "26": 0.54296875, "27": 0.07080078125, "28": 0.54296875}, "8": {"0": 0.58984375, "1": 0.58984375, "2": 0.58984375, "3": 0.138671875, "4": 0.546875, "5": 0.54296875, "6": 0.07177734375, "7": 0.54296875, "8": 0.5703125, "9": 0.07666015625, "10": 0.5703125, "11": 0.51953125, "12": 0.0673828125, "13": 0.51953125, "14": 0.546875, "15": 0.07177734375, "16": 0.546875, "17": 0.55078125, "18": 0.07275390625, "19": 0.55078125, "20": 0.52734375, "21": 0.0703125, "22": 0.52734375, "23": 0.5625, "24": 0.076171875, "25": 0.5625, "26": 0.5625, "27": 0.072265625, "28": 0.5625}, "9": {"0": 0.72265625, "1": 0.72265625, "2": 0.72265625, "3": 0.14453125, "4": 0.578125, "5": 0.59375, "6": 0.0859375, "7": 0.59375, "8": 0.59375, "9": 0.0849609375, "10": 0.59375, "11": 0.60546875, "12": 0.08740234375, "13": 0.60546875, "14": 0.58203125, "15": 0.08154296875, "16": 0.58203125, "17": 0.6015625, "18": 0.083984375, "19": 0.6015625, "20": 0.5703125, "21": 0.0791015625, "22": 0.5703125, "23": 0.54296875, "24": 0.07568359375, "25": 0.54296875, "26": 0.57421875, "27": 0.078125, "28": 0.57421875}, "10": {"0": 0.65625, "1": 0.65625, "2": 0.65625, "3": 0.1845703125, "4": 0.59375, "5": 0.5625, "6": 0.08642578125, "7": 0.5625, "8": 0.625, "9": 0.09814453125, "10": 0.625, "11": 0.59765625, "12": 0.08984375, "13": 0.59765625, "14": 0.61328125, "15": 0.095703125, "16": 0.61328125, "17": 0.578125, "18": 0.08837890625, "19": 0.578125, "20": 0.61328125, "21": 0.09423828125, "22": 0.61328125, "23": 0.60546875, "24": 0.0908203125, "25": 0.60546875, "26": 0.5859375, "27": 0.0849609375, "28": 0.5859375}, "11": {"0": 0.734375, "1": 0.734375, "2": 0.734375, "3": 0.193359375, "4": 0.62109375, "5": 0.60546875, "6": 0.091796875, "7": 0.60546875, "8": 0.6171875, "9": 0.09765625, "10": 0.6171875, "11": 0.61328125, "12": 0.09423828125, "13": 0.61328125, "14": 0.6875, "15": 0.1142578125, "16": 0.6875, "17": 0.60546875, "18": 0.09716796875, "19": 0.60546875, "20": 0.6484375, "21": 0.10400390625, "22": 0.6484375, "23": 0.6328125, "24": 0.099609375, "25": 0.6328125, "26": 0.62890625, "27": 0.09521484375, "28": 0.62890625}, "12": {"0": 0.80078125, "1": 0.80078125, "2": 0.80078125, "3": 0.2197265625, "4": 0.66796875, "5": 0.68359375, "6": 0.10986328125, "7": 0.68359375, "8": 0.66796875, "9": 0.10498046875, "10": 0.66796875, "11": 0.671875, "12": 0.1064453125, "13": 0.671875, "14": 0.65625, "15": 0.10400390625, "16": 0.65625, "17": 0.6796875, "18": 0.1083984375, "19": 0.6796875, "20": 0.67578125, "21": 0.10693359375, "22": 0.67578125, "23": 0.6328125, "24": 0.10302734375, "25": 0.6328125, "26": 0.72265625, "27": 0.12451171875, "28": 0.72265625}, "13": {"0": 0.7890625, "1": 0.7890625, "2": 0.7890625, "3": 0.255859375, "4": 0.73046875, "5": 0.734375, "6": 0.1220703125, "7": 0.734375, "8": 0.76171875, "9": 0.1259765625, "10": 0.76171875, "11": 0.73046875, "12": 0.12353515625, "13": 0.73046875, "14": 0.72265625, "15": 0.12060546875, "16": 0.72265625, "17": 0.703125, "18": 0.1171875, "19": 0.703125, "20": 0.73828125, "21": 0.12353515625, "22": 0.73828125, "23": 0.7222656249996362, "24": 0.1171875, "25": 0.7222656249996362, "26": 0.73828125, "27": 0.125, "28": 0.73828125}, "14": {"0": 0.890625, "1": 0.890625, "2": 0.890625, "3": 0.291015625, "4": 0.7578125, "5": 0.77734375, "6": 0.1396484375, "7": 0.77734375, "8": 0.75, "9": 0.1337890625, "10": 0.75, "11": 0.77734375, "12": 0.1357421875, "13": 0.77734375, "14": 0.77734375, "15": 0.1376953125, "16": 0.77734375, "17": 0.77734375, "18": 0.1396484375, "19": 0.77734375, "20": 0.75, "21": 0.13671875, "22": 0.75, "23": 0.7421875,