{"0": {"0": 0.000942230224609375, "1": 0.000942230224609375, "2": 0.000942230224609375, "3": 0.002777099609375, "4": 0.0625, "5": 0.0458984375, "6": 0.00112152099609375, "7": 0.0458984375, "8": 0.062255859375, "9": 0.0018157958984375, "10": 0.062255859375, "11": 0.08349609375, "12": 0.0023956298828125, "13": 0.08349609375, "14": 0.07958984375, "15": 0.0023193359375, "16": 0.07958984375, "17": 0.06982421875, "18": 0.0020599365234375, "19": 0.06982421875, "20": 0.057373046875, "21": 0.00136566162109375, "22": 0.057373046875, "23": 0.05615234375, "24": 0.00159454345703125, "25": 0.05615234375, "26": 0.060791015625, "27": 0.0016326904296875, "28": 0.060791015625}, "1": {"0": 0.023193359375, "1": 0.023193359375, "2": 0.023193359375, "3": 0.01251220703125, "4": 0.10986328125, "5": 0.10595703125, "6": 0.003509521484375, "7": 0.10595703125, "8": 0.107421875, "9": 0.0034942626953125, "10": 0.107421875, "11": 0.11083984375, "12": 0.003997802734375, "13": 0.11083984375, "14": 0.109375, "15": 0.00433349609375, "16": 0.109375, "17": 0.11865234375, "18": 0.004241943359375, "19": 0.11865234375, "20": 0.1171875, "21": 0.004241943359375, "22": 0.1171875, "23": 0.10205078125, "24": 0.003936767578125, "25": 0.10205078125, "26": 0.10791015625, "27": 0.003875732421875, "28": 0.10791015625}, "2": {"0": 0.2060546875, "1": 0.2060546875, "2": 0.2060546875, "3": 0.0089111328125, "4": 0.1474609375, "5": 0.138671875, "6": 0.0057373046875, "7": 0.138671875, "8": 0.1513671875, "9": 0.006561279296875, "10": 0.1513671875, "11": 0.154296875, "12": 0.00665283203125, "13": 0.154296875, "14": 0.1484375, "15": 0.006439208984375, "16": 0.1484375, "17": 0.15625, "18": 0.006866455078125, "19": 0.15625, "20": 0.1494140625, "21": 0.006622314453125, "22": 0.1494140625, "23": 0.1484375, "24": 0.0067138671875, "25": 0.1484375, "26": 0.1328125, "27": 0.0054931640625, "28": 0.1328125}, "3": {"0": 0.1904296875, "1": 0.1904296875, "2": 0.1904296875, "3": 0.01483154296875, "4": 0.1796875, "5": 0.1826171875, "6": 0.00927734375, "7": 0.1826171875, "8": 0.185546875, "9": 0.0096435546875, "10": 0.185546875, "11": 0.1796875, "12": 0.0091552734375, "13": 0.1796875, "14": 0.166015625, "15": 0.00830078125, "16": 0.166015625, "17": 0.1806640625, "18": 0.00982666015625, "19": 0.1806640625, "20": 0.173828125, "21": 0.0086669921875, "22": 0.173828125, "23": 0.1865234375, "24": 0.00994873046875, "25": 0.1865234375, "26": 0.1875, "27": 0.01007080078125, "28": 0.1875}, "4": {"0": 0.259765625, "1": 0.259765625, "2": 0.259765625, "3": 0.0264892578125, "4": 0.216796875, "5": 0.2294921875, "6": 0.0174560546875, "7": 0.2294921875, "8": 0.20703125, "9": 0.014404296875, "10": 0.20703125, "11": 0.2255859375, "12": 0.0159912109375, "13": 0.2255859375, "14": 0.2158203125, "15": 0.0150146484375, "16": 0.2158203125, "17": 0.2216796875, "18": 0.015869140625, "19": 0.2216796875, "20": 0.2060546875, "21": 0.01416015625, "22": 0.2060546875, "23": 0.21875, "24": 0.015625, "25": 0.21875, "26": 0.21484375, "27": 0.01483154296875, "28": 0.21484375}, "5": {"0": 0.3203125, "1": 0.3203125, "2": 0.3203125, "3": 0.03173828125, "4": 0.267578125, "5": 0.28125, "6": 0.0244140625, "7": 0.28125, "8": 0.26171875, "9": 0.0213623046875, "10": 0.26171875, "11": 0.265625, "12": 0.0218505859375, "13": 0.265625, "14": 0.2578125, "15": 0.0213623046875, "16": 0.2578125, "17": 0.267578125, "18": 0.02197265625, "19": 0.267578125, "20": 0.275390625, "21": 0.0230712890625, "22": 0.275390625, "23": 0.263671875, "24": 0.02197265625, "25": 0.263671875, "26": 0.271484375, "27": 0.0224609375, "28": 0.271484375}, "6": {"0": 0.302734375, "1": 0.302734375, "2": 0.302734375, "3": 0.045654296875, "4": 0.294921875, "5": 0.29296875, "6": 0.0272216796875, "7": 0.29296875, "8": 0.298828125, "9": 0.02978515625, "10": 0.298828125, "11": 0.302734375, "12": 0.02880859375, "13": 0.302734375, "14": 0.306640625, "15": 0.0299072265625, "16": 0.306640625, "17": 0.296875, "18": 0.0286865234375, "19": 0.296875, "20": 0.287109375, "21": 0.0272216796875, "22": 0.287109375, "23": 0.29296875, "24": 0.0283203125, "25": 0.29296875, "26": 0.291015625, "27": 0.027587890625, "28": 0.291015625}, "7": {"0": 0.3515625, "1": 0.3515625, "2": 0.3515625, "3": 0.06494140625, "4": 0.33203125, "5": 0.33984375, "6": 0.035400390625, "7": 0.33984375, "8": 0.3359375, "9": 0.03564453125, "10": 0.3359375, "11": 0.330078125, "12": 0.034912109375, "13": 0.330078125, "14": 0.3359375, "15": 0.03466796875, "16": 0.3359375, "17": 0.333984375, "18": 0.03515625, "19": 0.333984375, "20": 0.31640625, "21": 0.031005859375, "22": 0.31640625, "23": 0.314453125, "24": 0.032958984375, "25": 0.314453125, "26": 0.349609375, "27": 0.038818359375, "28": 0.349609375}, "8": {"0": 0.369140625, "1": 0.369140625, "2": 0.369140625, "3": 0.07763671875, "4": 0.3515625, "5": 0.349609375, "6": 0.039306640625, "7": 0.349609375, "8": 0.369140625, "9": 0.0419921875, "10": 0.369140625, "11": 0.3359375, "12": 0.036865234375, "13": 0.3359375, "14": 0.353515625, "15": 0.03955078125, "16": 0.353515625, "17": 0.353515625, "18": 0.03955078125, "19": 0.353515625, "20": 0.33984375, "21": 0.038818359375, "22": 0.33984375, "23": 0.36328125, "24": 0.0419921875, "25": 0.36328125, "26": 0.36328125, "27": 0.038818359375, "28": 0.36328125}, "9": {"0": 0.455078125, "1": 0.455078125, "2": 0.455078125, "3": 0.07763671875, "4": 0.375, "5": 0.3828125, "6": 0.04736328125, "7": 0.3828125, "8": 0.3828125, "9": 0.04638671875, "10": 0.3828125, "11": 0.392578125, "12": 0.048095703125, "13": 0.392578125, "14": 0.375, "15": 0.04443359375, "16": 0.375, "17": 0.38671875, "18": 0.045166015625, "19": 0.38671875, "20": 0.369140625, "21": 0.043212890625, "22": 0.369140625, "23": 0.3515625, "24": 0.041748046875, "25": 0.3515625, "26": 0.369140625, "27": 0.04248046875, "28": 0.369140625}, "10": {"0": 0.412109375, "1": 0.412109375, "2": 0.412109375, "3": 0.1064453125, "4": 0.384765625, "5": 0.361328125, "6": 0.048095703125, "7": 0.361328125, "8": 0.40234375, "9": 0.054443359375, "10": 0.40234375, "11": 0.384765625, "12": 0.0498046875, "13": 0.384765625, "14": 0.39453125, "15": 0.052734375, "16": 0.39453125, "17": 0.375, "18": 0.049072265625, "19": 0.375, "20": 0.39453125, "21": 0.052001953125, "22": 0.39453125, "23": 0.390625, "24": 0.0498046875, "25": 0.390625, "26": 0.37890625, "27": 0.046875, "28": 0.37890625}, "11": {"0": 0.4609375, "1": 0.4609375, "2": 0.4609375, "3": 0.10498046875, "4": 0.40234375, "5": 0.390625, "6": 0.05078125, "7": 0.390625, "8": 0.3984375, "9": 0.05419921875, "10": 0.3984375, "11": 0.396484375, "12": 0.0517578125, "13": 0.396484375, "14": 0.4453125, "15": 0.061767578125, "16": 0.4453125, "17": 0.390625, "18": 0.05419921875, "19": 0.390625, "20": 0.419921875, "21": 0.057373046875, "22": 0.419921875, "23": 0.408203125, "24": 0.05517578125, "25": 0.408203125, "26": 0.40625, "27": 0.05224609375, "28": 0.40625}, "12": {"0": 0.50390625, "1": 0.50390625, "2": 0.50390625, "3": 0.11328125, "4": 0.431640625, "5": 0.44140625, "6": 0.060546875, "7": 0.44140625, "8": 0.4296875, "9": 0.058349609375, "10": 0.4296875, "11": 0.435546875, "12": 0.058837890625, "13": 0.435546875, "14": 0.423828125, "15": 0.05810546875, "16": 0.423828125, "17": 0.4375, "18": 0.059326171875, "19": 0.4375, "20": 0.4375, "21": 0.059326171875, "22": 0.4375, "23": 0.41015625, "24": 0.057861328125, "25": 0.41015625, "26": 0.46484375, "27": 0.06640625, "28": 0.46484375}, "13": {"0": 0.5, "1": 0.5, "2": 0.5, "3": 0.1474609375, "4": 0.470703125, "5": 0.474609375, "6": 0.06787109375, "7": 0.474609375, "8": 0.48828125, "9": 0.06982421875, "10": 0.48828125, "11": 0.47265625, "12": 0.068359375, "13": 0.47265625, "14": 0.46484375, "15": 0.06689453125, "16": 0.46484375, "17": 0.453125, "18": 0.0654296875, "19": 0.453125, "20": 0.4765625, "21": 0.06884765625, "22": 0.4765625, "23": 0.46484375, "24": 0.0654296875, "25": 0.46484375, "26": 0.4765625, "27": 0.0693359375, "28": 0.4765625}, "14": {"0": 0.56640625, "1": 0.56640625, "2": 0.56640625, "3": 0.1572265625, "4": 0.48828125, "5": 0.5,