{"eval/loss": 14.152046203613281, "eval/runtime": 0.8043, "eval/samples_per_second": 12.433, "eval/steps_per_second": 1.243, "train/epoch": 3.0, "train/global_step": 18, "_timestamp": 1742960315.1665561, "_runtime": 31.3198721408844, "_step": 4, "train/loss": 3.5911, "train/grad_norm": 632731.375, "train/learning_rate": 8.888888888888888e-06, "train_runtime": 33.8469, "train_samples_per_second": 7.977, "train_steps_per_second": 0.532, "total_flos": 297303465000960.0, "train_loss": 3.5303567250569663, "_wandb": {"runtime": 30}}