{"eval/loss": 13.2783784866333, "eval/runtime": 0.5939, "eval/samples_per_second": 16.839, "eval/steps_per_second": 1.684, "train/epoch": 3.0, "train/global_step": 18, "_timestamp": 1742959663.050547, "_runtime": 25.077679872512817, "_step": 4, "train/loss": 3.5937, "train/grad_norm": 668929.6875, "train/learning_rate": 8.888888888888888e-06, "train_runtime": 27.7178, "train_samples_per_second": 9.741, "train_steps_per_second": 0.649, "total_flos": 297303465000960.0, "train_loss": 3.5456856621636286, "_wandb": {"runtime": 23}}