{"0": {"0": 0.01236724853515625, "1": 0.01236724853515625, "2": 0.01236724853515625, "3": 0.002201080322265625, "4": 0.0435791015625, "5": 0.0435791015625, "6": 0.0018243789672851562}, "1": {"0": 0.05322265625, "1": 0.05322265625, "2": 0.05322265625, "3": 0.007152557373046875, "4": 0.0809326171875, "5": 0.0809326171875, "6": 0.004772186279296875}, "2": {"0": 0.15673828125, "1": 0.15673828125, "2": 0.15673828125, "3": 0.01085662841796875, "4": 0.11834716796875, "5": 0.11834716796875, "6": 0.00848388671875}, "3": {"0": 0.273193359375, "1": 0.273193359375, "2": 0.273193359375, "3": 0.01343536376953125, "4": 0.15234375, "5": 0.15234375, "6": 0.0126800537109375}, "4": {"0": 0.257568359375, "1": 0.257568359375, "2": 0.257568359375, "3": 0.0225830078125, "4": 0.17822265625, "5": 0.17822265625, "6": 0.0197296142578125}, "5": {"0": 0.28125, "1": 0.28125, "2": 0.28125, "3": 0.0284881591796875, "4": 0.205078125, "5": 0.205078125, "6": 0.0253753662109375}, "6": {"0": 0.362060546875, "1": 0.362060546875, "2": 0.362060546875, "3": 0.042266845703125, "4": 0.2286376953125, "5": 0.2286376953125, "6": 0.0323486328125}, "7": {"0": 0.3828125, "1": 0.3828125, "2": 0.3828125, "3": 0.054962158203125, "4": 0.2471923828125, "5": 0.2471923828125, "6": 0.0390625}, "8": {"0": 0.3798828125, "1": 0.3798828125, "2": 0.3798828125, "3": 0.0634765625, "4": 0.2578125, "5": 0.2578125, "6": 0.04315185546875}, "9": {"0": 0.393310546875, "1": 0.393310546875, "2": 0.393310546875, "3": 0.08428955078125, "4": 0.26806640625, "5": 0.26806640625, "6": 0.04931640625}, "10": {"0": 0.397216796875, "1": 0.397216796875, "2": 0.397216796875, "3": 0.0955810546875, "4": 0.27392578125, "5": 0.27392578125, "6": 0.0518798828125}, "11": {"0": 0.44140625, "1": 0.44140625, "2": 0.44140625, "3": 0.088134765625, "4": 0.284423828125, "5": 0.284423828125, "6": 0.053192138671875}, "12": {"0": 0.443115234375, "1": 0.443115234375, "2": 0.443115234375, "3": 0.09771728515625, "4": 0.29345703125, "5": 0.29345703125, "6": 0.05596923828125}, "13": {"0": 0.453125, "1": 0.453125, "2": 0.453125, "3": 0.10076904296875, "4": 0.302490234375, "5": 0.302490234375, "6": 0.059295654296875}, "14": {"0": 0.46240234375, "1": 0.46240234375, "2": 0.46240234375, "3": 0.10894775390625, "4": 0.316162109375, "5": 0.316162109375, "6": 0.0626220703125}, "15": {"0": 0.455078125, "1": 0.455078125, "2": 0.455078125, "3": 0.1063232421875, "4": 0.328857421875, "5": 0.328857421875, "6": 0.06689453125}, "16": {"0": 0.468017578125, "1": 0.468017578125, "2": 0.468017578125, "3": 0.1055908203125, "4": 0.3515625, "5": 0.3515625, "6": 0.07373046875}, "17": {"0": 0.48828125, "1": 0.48828125, "2": 0.48828125, "3": 0.07550048828125, "4": 0.372802734375, "5": 0.372802734375, "6": 0.0760498046875}, "18": {"0": 0.5185546875, "1": 0.5185546875, "2": 0.5185546875, "3": 0.0709228515625, "4": 0.395263671875, "5": 0.395263671875, "6": 0.0806884765625}, "19": {"0": 0.5166015625, "1": 0.5166015625, "2": 0.5166015625, "3": 0.0660400390625, "4": 0.408447265625, "5": 0.408447265625, "6": 0.0830078125}, "20": {"0": 0.5205078125, "1": 0.5205078125, "2": 0.5205078125, "3": 0.06085205078125, "4": 0.423828125, "5": 0.423828125, "6": 0.08770751953125}, "21": {"0": 0.5546875, "1": 0.5546875, "2": 0.5546875, "3": 0.0455322265625, "4": 0.438720703125, "5": 0.438720703125, "6": 0.0897216796875}, "22": {"0": 0.5634765625, "1": 0.5634765625, "2": 0.5634765625, "3": 0.057403564453125, "4": 0.45263671875, "5": 0.45263671875, "6": 0.0946044921875}, "23": {"0": 0.6005859375, "1": 0.6005859375, "2": 0.6005859375, "3": 0.048858642578125, "4": 0.465087890625, "5": 0.465087890625, "6": 0.097412109375}, "24": {"0": 0.58740234375, "1": 0.58740234375, "2": 0.58740234375, "3": 0.06170654296875, "4": 0.474609375, "5": 0.474609375, "6": 0.10003662109375}, "25": {"0": 0.63330078125, "1": 0.63330078125, "2": 0.63330078125, "3": 0.044952392578125, "4": 0.48828125, "5": 0.48828125, "6": 0.10589599609375}, "26": {"0": 0.6142578125, "1": 0.6142578125, "2": 0.6142578125, "3": 0.07525634765625, "4": 0.497314453125, "5": 0.497314453125, "6": 0.11297607421875}, "27": {"0": 0.626953125, "1": 0.626953125, "2": 0.626953125, "3": 0.055938720703125, "4": 0.51171875, "5": 0.51171875, "6": 0.1219482421875}, "28": {"0": 0.63623046875, "1": 0.63623046875, "2": 0.63623046875, "3": 0.0673828125, "4": 0.5224609375, "5": 0.5224609375, "6": 0.1343994140625}, "29": {"0": 0.61572265625, "1": 0.61572265625, "2": 0.61572265625, "3": 0.08843994140625, "4": 0.5224609375, "5": 0.5224609375, "6": 0.1484375}, "30": {"0": 0.6259765625, "1": 0.6259765625, "2": 0.6259765625, "3": 0.07525634765625, "4": 0.52099609375, "5": 0.52099609375, "6": 0.1861572265625}, "31": {"0": 0.51904296875, "1": 0.51904296875, "2": 0.51904296875, "3": 0.13818359375, "4": 0.4677734375, "5": 0.4677734375, "6": 0.26123046875}}