{"0": {"0": 0.005126953125, "1": 0.005126953125, "2": 0.005126953125, "3": 0.0009641647338867188, "4": 0.0205078125, "5": 0.0205078125, "6": 0.0005831718444824219}, "1": {"0": 0.0209808349609375, "1": 0.0209808349609375, "2": 0.0209808349609375, "3": 0.0028705596923828125, "4": 0.039825439453125, "5": 0.039825439453125, "6": 0.0015211105346679688}, "2": {"0": 0.077392578125, "1": 0.077392578125, "2": 0.077392578125, "3": 0.00391387939453125, "4": 0.060394287109375, "5": 0.060394287109375, "6": 0.002826690673828125}, "3": {"0": 0.1387939453125, "1": 0.1387939453125, "2": 0.1387939453125, "3": 0.00492095947265625, "4": 0.07830810546875, "5": 0.07830810546875, "6": 0.00432586669921875}, "4": {"0": 0.132080078125, "1": 0.132080078125, "2": 0.132080078125, "3": 0.0078887939453125, "4": 0.09246826171875, "5": 0.09246826171875, "6": 0.00702667236328125}, "5": {"0": 0.1456298828125, "1": 0.1456298828125, "2": 0.1456298828125, "3": 0.00839996337890625, "4": 0.1068115234375, "5": 0.1068115234375, "6": 0.00928497314453125}, "6": {"0": 0.1878662109375, "1": 0.1878662109375, "2": 0.1878662109375, "3": 0.01435089111328125, "4": 0.11932373046875, "5": 0.11932373046875, "6": 0.01216888427734375}, "7": {"0": 0.19873046875, "1": 0.19873046875, "2": 0.19873046875, "3": 0.01715087890625, "4": 0.129150390625, "5": 0.129150390625, "6": 0.01507568359375}, "8": {"0": 0.197509765625, "1": 0.197509765625, "2": 0.197509765625, "3": 0.0200042724609375, "4": 0.1346435546875, "5": 0.1346435546875, "6": 0.016448974609375}, "9": {"0": 0.2044677734375, "1": 0.2044677734375, "2": 0.2044677734375, "3": 0.0278778076171875, "4": 0.1397705078125, "5": 0.1397705078125, "6": 0.0189361572265625}, "10": {"0": 0.20654296875, "1": 0.20654296875, "2": 0.20654296875, "3": 0.035400390625, "4": 0.142822265625, "5": 0.142822265625, "6": 0.01995849609375}, "11": {"0": 0.2296142578125, "1": 0.2296142578125, "2": 0.2296142578125, "3": 0.030548095703125, "4": 0.1484375, "5": 0.1484375, "6": 0.02044677734375}, "12": {"0": 0.23046875, "1": 0.23046875, "2": 0.23046875, "3": 0.0345458984375, "4": 0.153076171875, "5": 0.153076171875, "6": 0.02142333984375}, "13": {"0": 0.235595703125, "1": 0.235595703125, "2": 0.235595703125, "3": 0.035614013671875, "4": 0.1578369140625, "5": 0.1578369140625, "6": 0.022674560546875}, "14": {"0": 0.240478515625, "1": 0.240478515625, "2": 0.240478515625, "3": 0.037628173828125, "4": 0.1650390625, "5": 0.1650390625, "6": 0.023773193359375}, "15": {"0": 0.2369384765625, "1": 0.2369384765625, "2": 0.2369384765625, "3": 0.037445068359375, "4": 0.171630859375, "5": 0.171630859375, "6": 0.0251922607421875}, "16": {"0": 0.2437744140625, "1": 0.2437744140625, "2": 0.2437744140625, "3": 0.033447265625, "4": 0.1837158203125, "5": 0.1837158203125, "6": 0.02783203125}, "17": {"0": 0.25439453125, "1": 0.25439453125, "2": 0.25439453125, "3": 0.02386474609375, "4": 0.19482421875, "5": 0.19482421875, "6": 0.02862548828125}, "18": {"0": 0.2705078125, "1": 0.2705078125, "2": 0.2705078125, "3": 0.022064208984375, "4": 0.20654296875, "5": 0.20654296875, "6": 0.0302276611328125}, "19": {"0": 0.269287109375, "1": 0.269287109375, "2": 0.269287109375, "3": 0.019989013671875, "4": 0.2135009765625, "5": 0.2135009765625, "6": 0.0306854248046875}, "20": {"0": 0.271728515625, "1": 0.271728515625, "2": 0.271728515625, "3": 0.0201873779296875, "4": 0.2216796875, "5": 0.2216796875, "6": 0.032623291015625}, "21": {"0": 0.289794921875, "1": 0.289794921875, "2": 0.289794921875, "3": 0.0157318115234375, "4": 0.2296142578125, "5": 0.2296142578125, "6": 0.033172607421875}, "22": {"0": 0.294189453125, "1": 0.294189453125, "2": 0.294189453125, "3": 0.0180816650390625, "4": 0.23681640625, "5": 0.23681640625, "6": 0.03497314453125}, "23": {"0": 0.3134765625, "1": 0.3134765625, "2": 0.3134765625, "3": 0.0164031982421875, "4": 0.2431640625, "5": 0.2431640625, "6": 0.0360107421875}, "24": {"0": 0.306396484375, "1": 0.306396484375, "2": 0.306396484375, "3": 0.018890380859375, "4": 0.2479248046875, "5": 0.2479248046875, "6": 0.036956787109375}, "25": {"0": 0.329833984375, "1": 0.329833984375, "2": 0.329833984375, "3": 0.0160675048828125, "4": 0.2548828125, "5": 0.2548828125, "6": 0.039093017578125}, "26": {"0": 0.3203125, "1": 0.3203125, "2": 0.3203125, "3": 0.021759033203125, "4": 0.259521484375, "5": 0.259521484375, "6": 0.04132080078125}, "27": {"0": 0.32666015625, "1": 0.32666015625, "2": 0.32666015625, "3": 0.019256591796875, "4": 0.2666015625, "5": 0.2666015625, "6": 0.044189453125}, "28": {"0": 0.331298828125, "1": 0.331298828125, "2": 0.331298828125, "3": 0.02294921875, "4": 0.2724609375, "5": 0.2724609375, "6": 0.047637939453125}, "29": {"0": 0.32080078125, "1": 0.32080078125, "2": 0.32080078125, "3": 0.02728271484375, "4": 0.271728515625, "5": 0.271728515625, "6": 0.05084228515625}, "30": {"0": 0.326171875, "1": 0.326171875, "2": 0.326171875, "3": 0.025421142578125, "4": 0.270751953125, "5": 0.270751953125, "6": 0.058258056640625}, "31": {"0": 0.27001953125, "1": 0.27001953125, "2": 0.27001953125, "3": 0.0545654296875, "4": 0.24365234375, "5": 0.24365234375, "6": 0.06903076171875}}