{"0": {"0": 0.00908660888671875, "1": 0.00908660888671875, "2": 0.00908660888671875, "3": 0.0016002655029296875, "4": 0.0335693359375, "5": 0.0335693359375, "6": 0.001216888427734375}, "1": {"0": 0.037841796875, "1": 0.037841796875, "2": 0.037841796875, "3": 0.0049591064453125, "4": 0.0634765625, "5": 0.0634765625, "6": 0.0031795501708984375}, "2": {"0": 0.12310791015625, "1": 0.12310791015625, "2": 0.12310791015625, "3": 0.00733184814453125, "4": 0.0943603515625, "5": 0.0943603515625, "6": 0.005786895751953125}, "3": {"0": 0.2174072265625, "1": 0.2174072265625, "2": 0.2174072265625, "3": 0.009124755859375, "4": 0.121826171875, "5": 0.121826171875, "6": 0.00872802734375}, "4": {"0": 0.205810546875, "1": 0.205810546875, "2": 0.205810546875, "3": 0.01541900634765625, "4": 0.1431884765625, "5": 0.1431884765625, "6": 0.0138397216796875}, "5": {"0": 0.225830078125, "1": 0.225830078125, "2": 0.225830078125, "3": 0.018310546875, "4": 0.1650390625, "5": 0.1650390625, "6": 0.0179901123046875}, "6": {"0": 0.291015625, "1": 0.291015625, "2": 0.291015625, "3": 0.028564453125, "4": 0.1842041015625, "5": 0.1842041015625, "6": 0.0231781005859375}, "7": {"0": 0.3076171875, "1": 0.3076171875, "2": 0.3076171875, "3": 0.036407470703125, "4": 0.19921875, "5": 0.19921875, "6": 0.0282745361328125}, "8": {"0": 0.305419921875, "1": 0.305419921875, "2": 0.305419921875, "3": 0.04229736328125, "4": 0.207763671875, "5": 0.207763671875, "6": 0.031097412109375}, "9": {"0": 0.31640625, "1": 0.31640625, "2": 0.31640625, "3": 0.057220458984375, "4": 0.2159423828125, "5": 0.2159423828125, "6": 0.03564453125}, "10": {"0": 0.319580078125, "1": 0.319580078125, "2": 0.319580078125, "3": 0.067138671875, "4": 0.220703125, "5": 0.220703125, "6": 0.03753662109375}, "11": {"0": 0.355224609375, "1": 0.355224609375, "2": 0.355224609375, "3": 0.060455322265625, "4": 0.2293701171875, "5": 0.2293701171875, "6": 0.038482666015625}, "12": {"0": 0.356689453125, "1": 0.356689453125, "2": 0.356689453125, "3": 0.0675048828125, "4": 0.236572265625, "5": 0.236572265625, "6": 0.040435791015625}, "13": {"0": 0.36474609375, "1": 0.36474609375, "2": 0.36474609375, "3": 0.06982421875, "4": 0.243896484375, "5": 0.243896484375, "6": 0.042816162109375}, "14": {"0": 0.3720703125, "1": 0.3720703125, "2": 0.3720703125, "3": 0.07489013671875, "4": 0.254638671875, "5": 0.254638671875, "6": 0.045074462890625}, "15": {"0": 0.3662109375, "1": 0.3662109375, "2": 0.3662109375, "3": 0.07330322265625, "4": 0.264892578125, "5": 0.264892578125, "6": 0.048004150390625}, "16": {"0": 0.376708984375, "1": 0.376708984375, "2": 0.376708984375, "3": 0.0699462890625, "4": 0.283447265625, "5": 0.283447265625, "6": 0.05291748046875}, "17": {"0": 0.39306640625, "1": 0.39306640625, "2": 0.39306640625, "3": 0.049346923828125, "4": 0.300537109375, "5": 0.300537109375, "6": 0.0545654296875}, "18": {"0": 0.41796875, "1": 0.41796875, "2": 0.41796875, "3": 0.045196533203125, "4": 0.31884765625, "5": 0.31884765625, "6": 0.05780029296875}, "19": {"0": 0.416259765625, "1": 0.416259765625, "2": 0.416259765625, "3": 0.041412353515625, "4": 0.32958984375, "5": 0.32958984375, "6": 0.05914306640625}, "20": {"0": 0.41943359375, "1": 0.41943359375, "2": 0.41943359375, "3": 0.03985595703125, "4": 0.341796875, "5": 0.341796875, "6": 0.0626220703125}, "21": {"0": 0.447265625, "1": 0.447265625, "2": 0.447265625, "3": 0.0299072265625, "4": 0.35400390625, "5": 0.35400390625, "6": 0.06390380859375}, "22": {"0": 0.4541015625, "1": 0.4541015625, "2": 0.4541015625, "3": 0.036376953125, "4": 0.365234375, "5": 0.365234375, "6": 0.0673828125}, "23": {"0": 0.48388671875, "1": 0.48388671875, "2": 0.48388671875, "3": 0.031341552734375, "4": 0.375, "5": 0.375, "6": 0.06939697265625}, "24": {"0": 0.473388671875, "1": 0.473388671875, "2": 0.473388671875, "3": 0.038787841796875, "4": 0.3828125, "5": 0.3828125, "6": 0.07122802734375}, "25": {"0": 0.51025390625, "1": 0.51025390625, "2": 0.51025390625, "3": 0.02960205078125, "4": 0.3935546875, "5": 0.3935546875, "6": 0.07537841796875}, "26": {"0": 0.494873046875, "1": 0.494873046875, "2": 0.494873046875, "3": 0.0457763671875, "4": 0.400634765625, "5": 0.400634765625, "6": 0.08001708984375}, "27": {"0": 0.5048828125, "1": 0.5048828125, "2": 0.5048828125, "3": 0.0367431640625, "4": 0.412109375, "5": 0.412109375, "6": 0.0859375}, "28": {"0": 0.51220703125, "1": 0.51220703125, "2": 0.51220703125, "3": 0.0439453125, "4": 0.421142578125, "5": 0.421142578125, "6": 0.09368896484375}, "29": {"0": 0.495849609375, "1": 0.495849609375, "2": 0.495849609375, "3": 0.055938720703125, "4": 0.42041015625, "5": 0.42041015625, "6": 0.1015625}, "30": {"0": 0.50439453125, "1": 0.50439453125, "2": 0.50439453125, "3": 0.049041748046875, "4": 0.4189453125, "5": 0.4189453125, "6": 0.12139892578125}, "31": {"0": 0.41748046875, "1": 0.41748046875, "2": 0.41748046875, "3": 0.0977783203125, "4": 0.37646484375, "5": 0.37646484375, "6": 0.15625}}