{"0": {"0": 0.000560760498046875, "1": 0.000560760498046875, "2": 0.000560760498046875, "3": 0.0003719329833984375, "4": 0.00994873046875, "5": 0.00994873046875, "6": 8.7738037109375e-05}, "1": {"0": 0.00506591796875, "1": 0.00506591796875, "2": 0.00506591796875, "3": 0.000621795654296875, "4": 0.017333984375, "5": 0.017333984375, "6": 0.0002498626708984375}, "2": {"0": 0.0086669921875, "1": 0.0086669921875, "2": 0.0086669921875, "3": 0.00075531005859375, "4": 0.022216796875, "5": 0.022216796875, "6": 0.00035858154296875}, "3": {"0": 0.01470947265625, "1": 0.01470947265625, "2": 0.01470947265625, "3": 0.000946044921875, "4": 0.0264892578125, "5": 0.0264892578125, "6": 0.00048828125}, "4": {"0": 0.021484375, "1": 0.021484375, "2": 0.021484375, "3": 0.00093841552734375, "4": 0.028564453125, "5": 0.028564453125, "6": 0.00055694580078125}, "5": {"0": 0.0322265625, "1": 0.0322265625, "2": 0.0322265625, "3": 0.00096893310546875, "4": 0.030517578125, "5": 0.030517578125, "6": 0.000698089599609375}, "6": {"0": 0.048095703125, "1": 0.048095703125, "2": 0.048095703125, "3": 0.00101470947265625, "4": 0.032958984375, "5": 0.032958984375, "6": 0.00081634521484375}, "7": {"0": 0.041259765625, "1": 0.041259765625, "2": 0.041259765625, "3": 0.00102996826171875, "4": 0.03564453125, "5": 0.03564453125, "6": 0.000949859619140625}, "8": {"0": 0.052978515625, "1": 0.052978515625, "2": 0.052978515625, "3": 0.00171661376953125, "4": 0.037109375, "5": 0.037109375, "6": 0.0010833740234375}, "9": {"0": 0.042724609375, "1": 0.042724609375, "2": 0.042724609375, "3": 0.00186920166015625, "4": 0.038818359375, "5": 0.038818359375, "6": 0.00128936767578125}, "10": {"0": 0.0732421875, "1": 0.0732421875, "2": 0.0732421875, "3": 0.0019683837890625, "4": 0.044921875, "5": 0.044921875, "6": 0.001556396484375}, "11": {"0": 0.072265625, "1": 0.072265625, "2": 0.072265625, "3": 0.00156402587890625, "4": 0.049560546875, "5": 0.049560546875, "6": 0.001739501953125}, "12": {"0": 0.0673828125, "1": 0.0673828125, "2": 0.0673828125, "3": 0.00250244140625, "4": 0.0498046875, "5": 0.0498046875, "6": 0.0019989013671875}, "13": {"0": 0.08203125, "1": 0.08203125, "2": 0.08203125, "3": 0.005340576171875, "4": 0.0498046875, "5": 0.0498046875, "6": 0.00244140625}, "14": {"0": 0.091796875, "1": 0.091796875, "2": 0.091796875, "3": 0.00445556640625, "4": 0.05615234375, "5": 0.05615234375, "6": 0.0028076171875}, "15": {"0": 0.0810546875, "1": 0.0810546875, "2": 0.0810546875, "3": 0.005950927734375, "4": 0.06005859375, "5": 0.06005859375, "6": 0.00341796875}, "16": {"0": 0.087890625, "1": 0.087890625, "2": 0.087890625, "3": 0.007720947265625, "4": 0.06591796875, "5": 0.06591796875, "6": 0.0040283203125}, "17": {"0": 0.09912109375, "1": 0.09912109375, "2": 0.09912109375, "3": 0.01104736328125, "4": 0.072265625, "5": 0.072265625, "6": 0.004730224609375}, "18": {"0": 0.11181640625, "1": 0.11181640625, "2": 0.11181640625, "3": 0.01263427734375, "4": 0.0810546875, "5": 0.0810546875, "6": 0.005706787109375}, "19": {"0": 0.10498046875, "1": 0.10498046875, "2": 0.10498046875, "3": 0.01031494140625, "4": 0.08447265625, "5": 0.08447265625, "6": 0.00677490234375}, "20": {"0": 0.11474609375, "1": 0.11474609375, "2": 0.11474609375, "3": 0.00634765625, "4": 0.0888671875, "5": 0.0888671875, "6": 0.00640869140625}, "21": {"0": 0.13671875, "1": 0.13671875, "2": 0.13671875, "3": 0.0103759765625, "4": 0.09423828125, "5": 0.09423828125, "6": 0.006622314453125}, "22": {"0": 0.140625, "1": 0.140625, "2": 0.140625, "3": 0.004852294921875, "4": 0.09716796875, "5": 0.09716796875, "6": 0.006683349609375}, "23": {"0": 0.142578125, "1": 0.142578125, "2": 0.142578125, "3": 0.007110595703125, "4": 0.09912109375, "5": 0.09912109375, "6": 0.006591796875}, "24": {"0": 0.09619140625, "1": 0.09619140625, "2": 0.09619140625, "3": 0.005615234375, "4": 0.099609375, "5": 0.099609375, "6": 0.006561279296875}, "25": {"0": 0.1396484375, "1": 0.1396484375, "2": 0.1396484375, "3": 0.0033721923828125, "4": 0.1015625, "5": 0.1015625, "6": 0.006683349609375}, "26": {"0": 0.1396484375, "1": 0.1396484375, "2": 0.1396484375, "3": 0.0054931640625, "4": 0.10107421875, "5": 0.10107421875, "6": 0.0069580078125}, "27": {"0": 0.1318359375, "1": 0.1318359375, "2": 0.1318359375, "3": 0.01556396484375, "4": 0.10107421875, "5": 0.10107421875, "6": 0.0079345703125}, "28": {"0": 0.15234375, "1": 0.15234375, "2": 0.15234375, "3": 0.01348876953125, "4": 0.10302734375, "5": 0.10302734375, "6": 0.00860595703125}, "29": {"0": 0.15625, "1": 0.15625, "2": 0.15625, "3": 0.01348876953125, "4": 0.10595703125, "5": 0.10595703125, "6": 0.00872802734375}, "30": {"0": 0.1357421875, "1": 0.1357421875, "2": 0.1357421875, "3": 0.01470947265625, "4": 0.10546875, "5": 0.10546875, "6": 0.00860595703125}, "31": {"0": 0.1611328125, "1": 0.1611328125, "2": 0.1611328125, "3": 0.0218505859375, "4": 0.10693359375, "5": 0.10693359375, "6": 0.0089111328125}, "32": {"0": 0.134765625, "1": 0.134765625, "2": 0.134765625, "3": 0.01080322265625, "4": 0.10693359375, "5": 0.10693359375, "6": 0.00897216796875}, "33": {"0": 0.166015625, "1": 0.166015625, "2": 0.166015625, "3": 0.022705078125, "4": 0.1083984375, "5": 0.1083984375, "6": 0.00921630859375}, "34": {"0": 0.1533203125, "1": 0.1533203125, "2": 0.1533203125, "3": 0.02294921875, "4": 0.10791015625, "5": 0.10791015625, "6": 0.00982666015625}, "35": {"0": 0.1650390625, "1": 0.1650390625, "2": 0.1650390625, "3": 0.0159912109375, "4": 0.109375, "5": 0.109375, "6": 0.0089111328125}, "36": {"0": 0.1376953125, "1": 0.1376953125, "2": 0.1376953125, "3": 0.01220703125, "4": 0.10986328125, "5": 0.10986328125, "6": 0.00848388671875}, "37": {"0": 0.1533203125, "1": 0.1533203125, "2": 0.1533203125, "3": 0.0120849609375, "4": 0.11181640625, "5": 0.11181640625, "6": 0.00811767578125}, "38": {"0": 0.1533203125, "1": 0.1533203125, "2": 0.1533203125, "3": 0.01019287109375, "4": 0.1142578125, "5": 0.1142578125, "6": 0.008056640625}, "39": {"0": 0.15234375, "1": 0.15234375, "2": 0.15234375, "3": 0.006805419921875, "4": 0.11474609375, "5": 0.11474609375, "6": 0.0078125}, "40": {"0": 0.1513671875, "1": 0.1513671875, "2": 0.1513671875, "3": 0.004150390625, "4": 0.11572265625, "5": 0.11572265625, "6": 0.007659912109375}, "41": {"0": 0.1484375, "1": 0.1484375, "2": 0.1484375, "3": 0.004364013671875, "4": 0.1181640625, "5": 0.1181640625, "6": 0.007476806640625}, "42": {"0": 0.1240234375, "1": 0.1240234375, "2": 0.1240234375, "3": 0.0021820068359375, "4": 0.119140625, "5": 0.119140625, "6": 0.007354736328125}, "43": {"0": 0.12890625, "1": 0.12890625, "2": 0.12890625, "3": 0.0032806396484375, "4": 0.1201171875, "5": 0.1201171875, "6": 0.007415771484375}, "44": {"0": 0.173828125, "1": 0.173828125, "2": 0.173828125, "3": 0.005615234375, "4": 0.12158203125, "5": 0.12158203125, "6": 0.0076904296875}, "45": {"0": 0.1240234375, "1": 0.1240234375, "2": 0.1240234375, "3": 0.00341796875, "4": 0.123046875, "5": 0.123046875, "6": 0.00762939453125}, "46": {"0": 0.06787109375, "1": 0.06787109375, "2": 0.06787109375, "3": 0.0010833740234375, "4": 0.12353515625, "5": 0.12353515625, "6": 0.0074462890625}, "47": {"0": 0.134765625, "1": 0.134765625, "2": 0.134765625, "3": 0.001678466796875, "4": 0.125, "5": 0.125, "6": 0.00762939453125}, "48": {"0": 0.1357421875, "1": 0.1357421875, "2": 0.1357421875, "3": 0.00177001953125, "4": 0.1259765625, "5": 0.1259765625, "6": 0.00787353515625}, "49": {"0": 0.138671875, "1": 0.138671875, "2": 0.138671875, "3": 0.002166748046875, "4": 0.126953125, "5": 0.126953125, "6": 0.007781982421875}, "50": {"0": 0.111328125, "1": 0.111328125, "2": 0.111328125, "3": 0.0014495849609375, "4": 0.1279296875, "5": 0.1279296875, "6": 0.0076904296875}, "51": {"0": 0.1259765625, "1": 0.1259765625, "2": 0.1259765625, "3": 0.002227783203125, "4": 0.12890625, "5": 0.12890625, "6": 0.00787353515625}, "52": {"0": 0.1708984375, "1": 0.1708984375, "2": 0.1708984375, "3": 0.00408935546875, "4": 0.1298828125, "5": 0.1298828125, "6": 0.00823974609375}, "53": {"0": 0.142578125,