{
    "0": {
        "0": 0.006653751712292433,
        "1": 0.006653751712292433,
        "2": 0.006653751712292433,
        "3": 0.0009687429992482066,
        "4": 0.02623031847178936,
        "5": 0.02623031847178936,
        "6": 0.0008770867134444416
    },
    "1": {
        "0": 0.028031490743160248,
        "1": 0.028031490743160248,
        "2": 0.028031490743160248,
        "3": 0.0031846975907683372,
        "4": 0.05101844668388367,
        "5": 0.05101844668388367,
        "6": 0.0022407900542020798
    },
    "2": {
        "0": 0.0991051122546196,
        "1": 0.0991051122546196,
        "2": 0.0991051122546196,
        "3": 0.004788785707205534,
        "4": 0.07567619532346725,
        "5": 0.07567619532346725,
        "6": 0.004026498179882765
    },
    "3": {
        "0": 0.17569500207901,
        "1": 0.17569500207901,
        "2": 0.17569500207901,
        "3": 0.006524994969367981,
        "4": 0.0971548855304718,
        "5": 0.0971548855304718,
        "6": 0.006289023440331221
    },
    "4": {
        "0": 0.16503426432609558,
        "1": 0.16503426432609558,
        "2": 0.16503426432609558,
        "3": 0.011897492222487926,
        "4": 0.11571528017520905,
        "5": 0.11571528017520905,
        "6": 0.010176587849855423
    },
    "5": {
        "0": 0.183619424700737,
        "1": 0.183619424700737,
        "2": 0.183619424700737,
        "3": 0.01481911912560463,
        "4": 0.1327640563249588,
        "5": 0.1327640563249588,
        "6": 0.013531199656426907
    },
    "6": {
        "0": 0.23724372684955597,
        "1": 0.23724372684955597,
        "2": 0.23724372684955597,
        "3": 0.021581755951046944,
        "4": 0.14940279722213745,
        "5": 0.14940279722213745,
        "6": 0.017806289717555046
    },
    "7": {
        "0": 0.24992959201335907,
        "1": 0.24992959201335907,
        "2": 0.24992959201335907,
        "3": 0.025753337889909744,
        "4": 0.16014111042022705,
        "5": 0.16014111042022705,
        "6": 0.021349674090743065
    },
    "8": {
        "0": 0.24700558185577393,
        "1": 0.24700558185577393,
        "2": 0.24700558185577393,
        "3": 0.03366589918732643,
        "4": 0.1659252792596817,
        "5": 0.1659252792596817,
        "6": 0.023554472252726555
    },
    "9": {
        "0": 0.25395628809928894,
        "1": 0.25395628809928894,
        "2": 0.25395628809928894,
        "3": 0.04489741101861,
        "4": 0.17284542322158813,
        "5": 0.17284542322158813,
        "6": 0.02645792067050934
    },
    "10": {
        "0": 0.25776156783103943,
        "1": 0.25776156783103943,
        "2": 0.25776156783103943,
        "3": 0.053880203515291214,
        "4": 0.17579862475395203,
        "5": 0.17579862475395203,
        "6": 0.02771061658859253
    },
    "11": {
        "0": 0.2851507365703583,
        "1": 0.2851507365703583,
        "2": 0.2851507365703583,
        "3": 0.053714439272880554,
        "4": 0.18355761468410492,
        "5": 0.18355761468410492,
        "6": 0.02976069226861
    },
    "12": {
        "0": 0.2870809733867645,
        "1": 0.2870809733867645,
        "2": 0.2870809733867645,
        "3": 0.05755503848195076,
        "4": 0.18846142292022705,
        "5": 0.18846142292022705,
        "6": 0.03112116828560829
    },
    "13": {
        "0": 0.2928209900856018,
        "1": 0.2928209900856018,
        "2": 0.2928209900856018,
        "3": 0.058988895267248154,
        "4": 0.19333405792713165,
        "5": 0.19333405792713165,
        "6": 0.03343195840716362
    },
    "14": {
        "0": 0.2968102693557739,
        "1": 0.2968102693557739,
        "2": 0.2968102693557739,
        "3": 0.06193983554840088,
        "4": 0.2021600306034088,
        "5": 0.2021600306034088,
        "6": 0.035108547657728195
    },
    "15": {
        "0": 0.29291805624961853,
        "1": 0.29291805624961853,
        "2": 0.29291805624961853,
        "3": 0.06198567524552345,
        "4": 0.21091648936271667,
        "5": 0.21091648936271667,
        "6": 0.03807327523827553
    },
    "16": {
        "0": 0.3007848560810089,
        "1": 0.3007848560810089,
        "2": 0.3007848560810089,
        "3": 0.05957668274641037,
        "4": 0.22739732265472412,
        "5": 0.22739732265472412,
        "6": 0.042448438704013824
    },
    "17": {
        "0": 0.3162657618522644,
        "1": 0.3162657618522644,
        "2": 0.3162657618522644,
        "3": 0.03973648324608803,
        "4": 0.2420714795589447,
        "5": 0.2420714795589447,
        "6": 0.043920163065195084
    },
    "18": {
        "0": 0.3358141779899597,
        "1": 0.3358141779899597,
        "2": 0.3358141779899597,
        "3": 0.03540796786546707,
        "4": 0.25586074590682983,
        "5": 0.25586074590682983,
        "6": 0.04611983895301819
    },
    "19": {
        "0": 0.3338842988014221,
        "1": 0.3338842988014221,
        "2": 0.3338842988014221,
        "3": 0.02838183380663395,
        "4": 0.2636580765247345,
        "5": 0.2636580765247345,
        "6": 0.04658988118171692
    },
    "20": {
        "0": 0.3359598219394684,
        "1": 0.3359598219394684,
        "2": 0.3359598219394684,
        "3": 0.02909131348133087,
        "4": 0.2734375596046448,
        "5": 0.2734375596046448,
        "6": 0.050279732793569565
    },
    "21": {
        "0": 0.3572690784931183,
        "1": 0.3572690784931183,
        "2": 0.3572690784931183,
        "3": 0.02158867008984089,
        "4": 0.2812129557132721,
        "5": 0.2812129557132721,
        "6": 0.04949657618999481
    },
    "22": {
        "0": 0.36134809255599976,
        "1": 0.36134809255599976,
        "2": 0.36134809255599976,
        "3": 0.026011796668171883,
        "4": 0.28884071111679077,
        "5": 0.28884071111679077,
        "6": 0.05196622759103775
    },
    "23": {
        "0": 0.3826248347759247,
        "1": 0.3826248347759247,
        "2": 0.3826248347759247,
        "3": 0.0201753880828619,
        "4": 0.2948262095451355,
        "5": 0.2948262095451355,
        "6": 0.05267772078514099
    },
    "24": {
        "0": 0.37485650181770325,
        "1": 0.37485650181770325,
        "2": 0.37485650181770325,
        "3": 0.023594532161951065,
        "4": 0.30060964822769165,
        "5": 0.30060964822769165,
        "6": 0.05318981036543846
    },
    "25": {
        "0": 0.4021773040294647,
        "1": 0.4021773040294647,
        "2": 0.4021773040294647,
        "3": 0.017408689484000206,
        "4": 0.3104643225669861,
        "5": 0.3104643225669861,
        "6": 0.056339081376791
    },
    "26": {
        "0": 0.39045974612236023,
        "1": 0.39045974612236023,
        "2": 0.39045974612236023,
        "3": 0.028513846918940544,
        "4": 0.31252169609069824,
        "5": 0.31252169609069824,
        "6": 0.058570340275764465
    },
    "27": {
        "0": 0.39434877038002014,
        "1": 0.39434877038002014,
        "2": 0.39434877038002014,
        "3": 0.02107062004506588,
        "4": 0.3220564126968384,
        "5": 0.3220564126968384,
        "6": 0.06298963725566864
    },
    "28": {
        "0": 0.4001779854297638,
        "1": 0.4001779854297638,
        "2": 0.4001779854297638,
        "3": 0.023569248616695404,
        "4": 0.3280426263809204,
        "5": 0.3280426263809204,
        "6": 0.06920554488897324
    },
    "29": {
        "0": 0.38654351234436035,
        "1": 0.38654351234436035,
        "2": 0.38654351234436035,
        "3": 0.03146984055638313,
        "4": 0.32991084456443787,
        "5": 0.32991084456443787,
        "6": 0.07603982090950012
    },
    "30": {
        "0": 0.3962309956550598,
        "1": 0.3962309956550598,
        "2": 0.3962309956550598,
        "3": 0.03118477389216423,
        "4": 0.32987385988235474,
        "5": 0.32987385988235474,
        "6": 0.08872697502374649
    },
    "31": {
        "0": 0.3299422264099121,
        "1": 0.3299422264099121,
        "2": 0.3299422264099121,