{
    "0": {
        "0": 0.012078515253961086,
        "1": 0.012078515253961086,
        "2": 0.012078515253961086,
        "3": 0.001744247623719275,
        "4": 0.0434517003595829,
        "5": 0.0434517003595829,
        "6": 0.0019062821520492435
    },
    "1": {
        "0": 0.05319163203239441,
        "1": 0.05319163203239441,
        "2": 0.05319163203239441,
        "3": 0.006621417589485645,
        "4": 0.08154863119125366,
        "5": 0.08154863119125366,
        "6": 0.004911366850137711
    },
    "2": {
        "0": 0.15819071233272552,
        "1": 0.15819071233272552,
        "2": 0.15819071233272552,
        "3": 0.010375418700277805,
        "4": 0.11817490309476852,
        "5": 0.11817490309476852,
        "6": 0.008482856675982475
    },
    "3": {
        "0": 0.2752944231033325,
        "1": 0.2752944231033325,
        "2": 0.2752944231033325,
        "3": 0.013788975775241852,
        "4": 0.15036749839782715,
        "5": 0.15036749839782715,
        "6": 0.012935029342770576
    },
    "4": {
        "0": 0.25771740078926086,
        "1": 0.25771740078926086,
        "2": 0.25771740078926086,
        "3": 0.02453758381307125,
        "4": 0.17769552767276764,
        "5": 0.17769552767276764,
        "6": 0.02014148235321045
    },
    "5": {
        "0": 0.28309983015060425,
        "1": 0.28309983015060425,
        "2": 0.28309983015060425,
        "3": 0.034418605268001556,
        "4": 0.20312245190143585,
        "5": 0.20312245190143585,
        "6": 0.02623099274933338
    },
    "6": {
        "0": 0.3651312291622162,
        "1": 0.3651312291622162,
        "2": 0.3651312291622162,
        "3": 0.04566159471869469,
        "4": 0.2284698188304901,
        "5": 0.2284698188304901,
        "6": 0.0339127741754055
    },
    "7": {
        "0": 0.3846593201160431,
        "1": 0.3846593201160431,
        "2": 0.3846593201160431,
        "3": 0.05708606168627739,
        "4": 0.24507297575473785,
        "5": 0.24507297575473785,
        "6": 0.04002505540847778
    },
    "8": {
        "0": 0.37889519333839417,
        "1": 0.37889519333839417,
        "2": 0.37889519333839417,
        "3": 0.07173852622509003,
        "4": 0.25383031368255615,
        "5": 0.25383031368255615,
        "6": 0.04441884905099869
    },
    "9": {
        "0": 0.39051803946495056,
        "1": 0.39051803946495056,
        "2": 0.39051803946495056,
        "3": 0.09322625398635864,
        "4": 0.2655732035636902,
        "5": 0.2655732035636902,
        "6": 0.04956355690956116
    },
    "10": {
        "0": 0.39451128244400024,
        "1": 0.39451128244400024,
        "2": 0.39451128244400024,
        "3": 0.10491646826267242,
        "4": 0.26949119567871094,
        "5": 0.26949119567871094,
        "6": 0.051996611058712006
    },
    "11": {
        "0": 0.439322292804718,
        "1": 0.439322292804718,
        "2": 0.439322292804718,
        "3": 0.10742146521806717,
        "4": 0.2812111973762512,
        "5": 0.2812111973762512,
        "6": 0.05564887821674347
    },
    "12": {
        "0": 0.4413551390171051,
        "1": 0.4413551390171051,
        "2": 0.4413551390171051,
        "3": 0.11280667781829834,
        "4": 0.2889939844608307,
        "5": 0.2889939844608307,
        "6": 0.058095045387744904
    },
    "13": {
        "0": 0.44918692111968994,
        "1": 0.44918692111968994,
        "2": 0.44918692111968994,
        "3": 0.11760526895523071,
        "4": 0.29681819677352905,
        "5": 0.29681819677352905,
        "6": 0.06246049329638481
    },
    "14": {
        "0": 0.4569926857948303,
        "1": 0.4569926857948303,
        "2": 0.4569926857948303,
        "3": 0.1259668469429016,
        "4": 0.3105852007865906,
        "5": 0.3105852007865906,
        "6": 0.06588442623615265
    },
    "15": {
        "0": 0.45106610655784607,
        "1": 0.45106610655784607,
        "2": 0.45106610655784607,
        "3": 0.12489941716194153,
        "4": 0.32408449053764343,
        "5": 0.32408449053764343,
        "6": 0.071731798350811
    },
    "16": {
        "0": 0.46291840076446533,
        "1": 0.46291840076446533,
        "2": 0.46291840076446533,
        "3": 0.13278472423553467,
        "4": 0.34767940640449524,
        "5": 0.34767940640449524,
        "6": 0.08006148040294647
    },
    "17": {
        "0": 0.48437461256980896,
        "1": 0.48437461256980896,
        "2": 0.48437461256980896,
        "3": 0.09319433569908142,
        "4": 0.3710275888442993,
        "5": 0.3710275888442993,
        "6": 0.08248483389616013
    },
    "18": {
        "0": 0.5156526565551758,
        "1": 0.5156526565551758,
        "2": 0.5156526565551758,
        "3": 0.08641474694013596,
        "4": 0.3925524055957794,
        "5": 0.3925524055957794,
        "6": 0.08689026534557343
    },
    "19": {
        "0": 0.5154276490211487,
        "1": 0.5154276490211487,
        "2": 0.5154276490211487,
        "3": 0.07026045024394989,
        "4": 0.4042273759841919,
        "5": 0.4042273759841919,
        "6": 0.08882483094930649
    },
    "20": {
        "0": 0.5156316757202148,
        "1": 0.5156316757202148,
        "2": 0.5156316757202148,
        "3": 0.07173453271389008,
        "4": 0.4197787046432495,
        "5": 0.4197787046432495,
        "6": 0.0951879471540451
    },
    "21": {
        "0": 0.550634503364563,
        "1": 0.550634503364563,
        "2": 0.550634503364563,
        "3": 0.04901076480746269,
        "4": 0.4314417541027069,
        "5": 0.4314417541027069,
        "6": 0.09469820559024811
    },
    "22": {
        "0": 0.5546426773071289,
        "1": 0.5546426773071289,
        "2": 0.5546426773071289,
        "3": 0.06542231887578964,
        "4": 0.4412481188774109,
        "5": 0.4412481188774109,
        "6": 0.09956929832696915
    },
    "23": {
        "0": 0.5859915614128113,
        "1": 0.5859915614128113,
        "2": 0.5859915614128113,
        "3": 0.04782690107822418,
        "4": 0.4529690146446228,
        "5": 0.4529690146446228,
        "6": 0.10104761272668839
    },
    "24": {
        "0": 0.574158251285553,
        "1": 0.574158251285553,
        "2": 0.574158251285553,
        "3": 0.0634746178984642,
        "4": 0.4607175886631012,
        "5": 0.4607175886631012,
        "6": 0.10205969959497452
    },
    "25": {
        "0": 0.6168991327285767,
        "1": 0.6168991327285767,
        "2": 0.6168991327285767,
        "3": 0.03950630500912666,
        "4": 0.47270798683166504,
        "5": 0.47270798683166504,
        "6": 0.10790830105543137
    },
    "26": {
        "0": 0.5976236462593079,
        "1": 0.5976236462593079,
        "2": 0.5976236462593079,
        "3": 0.079057976603508,
        "4": 0.48022979497909546,
        "5": 0.48022979497909546,
        "6": 0.11328351497650146
    },
    "27": {
        "0": 0.605343222618103,
        "1": 0.605343222618103,
        "2": 0.605343222618103,
        "3": 0.05019638314843178,
        "4": 0.49224144220352173,
        "5": 0.49224144220352173,
        "6": 0.12250567227602005
    },
    "28": {
        "0": 0.6133531928062439,
        "1": 0.6133531928062439,
        "2": 0.6133531928062439,
        "3": 0.06120384484529495,
        "4": 0.5037381649017334,
        "5": 0.5037381649017334,
        "6": 0.135679230093956
    },
    "29": {
        "0": 0.5936276912689209,
        "1": 0.5936276912689209,
        "2": 0.5936276912689209,
        "3": 0.07855317741632462,
        "4": 0.507602334022522,
        "5": 0.507602334022522,
        "6": 0.15228696167469025
    },
    "30": {
        "0": 0.6091717481613159,
        "1": 0.6091717481613159,
        "2": 0.6091717481613159,
        "3": 0.07914038002490997,
        "4": 0.5077386498451233,
        "5": 0.5077386498451233,
        "6": 0.19133828580379486
    },
    "31": {
        "0": 0.5077405571937561,
        "1": 0.5077405571937561,
        "2": 0.5077405571937561,
        "3": 0.13076387345790863,