{"0": {"0": 0.000949859619140625, "1": 0.000949859619140625, "2": 0.000949859619140625, "3": 0.000499725341796875, "4": 0.01312255859375, "5": 0.01312255859375, "6": 0.000141143798828125}, "1": {"0": 0.007568359375, "1": 0.007568359375, "2": 0.007568359375, "3": 0.00081634521484375, "4": 0.02197265625, "5": 0.02197265625, "6": 0.000370025634765625}, "2": {"0": 0.01177978515625, "1": 0.01177978515625, "2": 0.01177978515625, "3": 0.0010223388671875, "4": 0.0279541015625, "5": 0.0279541015625, "6": 0.000522613525390625}, "3": {"0": 0.0198974609375, "1": 0.0198974609375, "2": 0.0198974609375, "3": 0.00125885009765625, "4": 0.033203125, "5": 0.033203125, "6": 0.000705718994140625}, "4": {"0": 0.0283203125, "1": 0.0283203125, "2": 0.0283203125, "3": 0.001312255859375, "4": 0.03564453125, "5": 0.03564453125, "6": 0.00080108642578125}, "5": {"0": 0.04150390625, "1": 0.04150390625, "2": 0.04150390625, "3": 0.0013275146484375, "4": 0.037841796875, "5": 0.037841796875, "6": 0.0009918212890625}, "6": {"0": 0.061767578125, "1": 0.061767578125, "2": 0.061767578125, "3": 0.0013580322265625, "4": 0.041015625, "5": 0.041015625, "6": 0.00115966796875}, "7": {"0": 0.052978515625, "1": 0.052978515625, "2": 0.052978515625, "3": 0.00140380859375, "4": 0.044189453125, "5": 0.044189453125, "6": 0.0013427734375}, "8": {"0": 0.06689453125, "1": 0.06689453125, "2": 0.06689453125, "3": 0.002349853515625, "4": 0.0458984375, "5": 0.0458984375, "6": 0.00153350830078125}, "9": {"0": 0.053955078125, "1": 0.053955078125, "2": 0.053955078125, "3": 0.002593994140625, "4": 0.0478515625, "5": 0.0478515625, "6": 0.0018157958984375}, "10": {"0": 0.0927734375, "1": 0.0927734375, "2": 0.0927734375, "3": 0.0028076171875, "4": 0.055419921875, "5": 0.055419921875, "6": 0.002197265625}, "11": {"0": 0.09033203125, "1": 0.09033203125, "2": 0.09033203125, "3": 0.00225830078125, "4": 0.061279296875, "5": 0.061279296875, "6": 0.0024566650390625}, "12": {"0": 0.08447265625, "1": 0.08447265625, "2": 0.08447265625, "3": 0.003448486328125, "4": 0.061279296875, "5": 0.061279296875, "6": 0.0028228759765625}, "13": {"0": 0.10205078125, "1": 0.10205078125, "2": 0.10205078125, "3": 0.00738525390625, "4": 0.0615234375, "5": 0.0615234375, "6": 0.0034332275390625}, "14": {"0": 0.11474609375, "1": 0.11474609375, "2": 0.11474609375, "3": 0.00634765625, "4": 0.0693359375, "5": 0.0693359375, "6": 0.00396728515625}, "15": {"0": 0.1005859375, "1": 0.1005859375, "2": 0.1005859375, "3": 0.0084228515625, "4": 0.07373046875, "5": 0.07373046875, "6": 0.004791259765625}, "16": {"0": 0.109375, "1": 0.109375, "2": 0.109375, "3": 0.01068115234375, "4": 0.08154296875, "5": 0.08154296875, "6": 0.005615234375}, "17": {"0": 0.12255859375, "1": 0.12255859375, "2": 0.12255859375, "3": 0.01531982421875, "4": 0.08935546875, "5": 0.08935546875, "6": 0.006591796875}, "18": {"0": 0.138671875, "1": 0.138671875, "2": 0.138671875, "3": 0.017578125, "4": 0.10009765625, "5": 0.10009765625, "6": 0.0079345703125}, "19": {"0": 0.1298828125, "1": 0.1298828125, "2": 0.1298828125, "3": 0.01531982421875, "4": 0.10400390625, "5": 0.10400390625, "6": 0.00927734375}, "20": {"0": 0.1416015625, "1": 0.1416015625, "2": 0.1416015625, "3": 0.01123046875, "4": 0.10986328125, "5": 0.10986328125, "6": 0.00885009765625}, "21": {"0": 0.1689453125, "1": 0.1689453125, "2": 0.1689453125, "3": 0.015869140625, "4": 0.11669921875, "5": 0.11669921875, "6": 0.0091552734375}, "22": {"0": 0.173828125, "1": 0.173828125, "2": 0.173828125, "3": 0.0084228515625, "4": 0.11962890625, "5": 0.11962890625, "6": 0.00921630859375}, "23": {"0": 0.17578125, "1": 0.17578125, "2": 0.17578125, "3": 0.01129150390625, "4": 0.1220703125, "5": 0.1220703125, "6": 0.0091552734375}, "24": {"0": 0.11865234375, "1": 0.11865234375, "2": 0.11865234375, "3": 0.00982666015625, "4": 0.12255859375, "5": 0.12255859375, "6": 0.00909423828125}, "25": {"0": 0.1728515625, "1": 0.1728515625, "2": 0.1728515625, "3": 0.006103515625, "4": 0.125, "5": 0.125, "6": 0.00927734375}, "26": {"0": 0.1728515625, "1": 0.1728515625, "2": 0.1728515625, "3": 0.00909423828125, "4": 0.12451171875, "5": 0.12451171875, "6": 0.00970458984375}, "27": {"0": 0.1630859375, "1": 0.1630859375, "2": 0.1630859375, "3": 0.0225830078125, "4": 0.125, "5": 0.125, "6": 0.01092529296875}, "28": {"0": 0.1875, "1": 0.1875, "2": 0.1875, "3": 0.0211181640625, "4": 0.126953125, "5": 0.126953125, "6": 0.0118408203125}, "29": {"0": 0.193359375, "1": 0.193359375, "2": 0.193359375, "3": 0.0203857421875, "4": 0.130859375, "5": 0.130859375, "6": 0.0120849609375}, "30": {"0": 0.1669921875, "1": 0.1669921875, "2": 0.1669921875, "3": 0.021728515625, "4": 0.1298828125, "5": 0.1298828125, "6": 0.01190185546875}, "31": {"0": 0.19921875, "1": 0.19921875, "2": 0.19921875, "3": 0.0302734375, "4": 0.1318359375, "5": 0.1318359375, "6": 0.0123291015625}, "32": {"0": 0.166015625, "1": 0.166015625, "2": 0.166015625, "3": 0.0172119140625, "4": 0.1318359375, "5": 0.1318359375, "6": 0.01239013671875}, "33": {"0": 0.205078125, "1": 0.205078125, "2": 0.205078125, "3": 0.031494140625, "4": 0.1337890625, "5": 0.1337890625, "6": 0.01275634765625}, "34": {"0": 0.1884765625, "1": 0.1884765625, "2": 0.1884765625, "3": 0.0322265625, "4": 0.1337890625, "5": 0.1337890625, "6": 0.013427734375}, "35": {"0": 0.2041015625, "1": 0.2041015625, "2": 0.2041015625, "3": 0.023681640625, "4": 0.134765625, "5": 0.134765625, "6": 0.01220703125}, "36": {"0": 0.169921875, "1": 0.169921875, "2": 0.169921875, "3": 0.0184326171875, "4": 0.1357421875, "5": 0.1357421875, "6": 0.01171875}, "37": {"0": 0.189453125, "1": 0.189453125, "2": 0.189453125, "3": 0.017822265625, "4": 0.1376953125, "5": 0.1376953125, "6": 0.01123046875}, "38": {"0": 0.1884765625, "1": 0.1884765625, "2": 0.1884765625, "3": 0.0166015625, "4": 0.140625, "5": 0.140625, "6": 0.01116943359375}, "39": {"0": 0.1884765625, "1": 0.1884765625, "2": 0.1884765625, "3": 0.0108642578125, "4": 0.1416015625, "5": 0.1416015625, "6": 0.0108642578125}, "40": {"0": 0.1865234375, "1": 0.1865234375, "2": 0.1865234375, "3": 0.007080078125, "4": 0.142578125, "5": 0.142578125, "6": 0.0107421875}, "41": {"0": 0.18359375, "1": 0.18359375, "2": 0.18359375, "3": 0.0069580078125, "4": 0.1455078125, "5": 0.1455078125, "6": 0.01043701171875}, "42": {"0": 0.1533203125, "1": 0.1533203125, "2": 0.1533203125, "3": 0.003326416015625, "4": 0.1474609375, "5": 0.1474609375, "6": 0.01031494140625}, "43": {"0": 0.1591796875, "1": 0.1591796875, "2": 0.1591796875, "3": 0.005706787109375, "4": 0.1484375, "5": 0.1484375, "6": 0.01043701171875}, "44": {"0": 0.21484375, "1": 0.21484375, "2": 0.21484375, "3": 0.00885009765625, "4": 0.1494140625, "5": 0.1494140625, "6": 0.01080322265625}, "45": {"0": 0.1533203125, "1": 0.1533203125, "2": 0.1533203125, "3": 0.005706787109375, "4": 0.1513671875, "5": 0.1513671875, "6": 0.0107421875}, "46": {"0": 0.08349609375, "1": 0.08349609375, "2": 0.08349609375, "3": 0.0014495849609375, "4": 0.15234375, "5": 0.15234375, "6": 0.010498046875}, "47": {"0": 0.1669921875, "1": 0.1669921875, "2": 0.1669921875, "3": 0.002410888671875, "4": 0.154296875, "5": 0.154296875, "6": 0.0107421875}, "48": {"0": 0.16796875, "1": 0.16796875, "2": 0.16796875, "3": 0.0026092529296875, "4": 0.1552734375, "5": 0.1552734375, "6": 0.0111083984375}, "49": {"0": 0.1708984375, "1": 0.1708984375, "2": 0.1708984375, "3": 0.0033416748046875, "4": 0.15625, "5": 0.15625, "6": 0.010986328125}, "50": {"0": 0.1376953125, "1": 0.1376953125, "2": 0.1376953125, "3": 0.0019989013671875, "4": 0.1572265625, "5": 0.1572265625, "6": 0.0108642578125}, "51": {"0": 0.15625, "1": 0.15625, "2": 0.15625, "3": 0.00341796875, "4": 0.158203125, "5": 0.158203125, "6": 0.0111083984375}, "52": {"0": 0.2119140625, "1": 0.2119140625, "2": 0.2119140625, "3": 0.006988525390625, "4": 0.16015625, "5": 0.16015625, "6": 0.0115966796875}, "53": {"0": 0.1767578125, "1": 0.1767578125, "2": 0.1767578125, "3": 0.0024261474609375, "4": 0.1630859375, "5": 0.1630859375, "6": 0.0115966796875},