{"0": {"0": 0.0003452301025390625, "1": 0.0003452301025390625, "2": 0.0003452301025390625, "3": 0.0002841949462890625, "4": 0.007537841796875, "5": 0.007537841796875, "6": 5.555152893066406e-05}, "1": {"0": 0.0034942626953125, "1": 0.0034942626953125, "2": 0.0034942626953125, "3": 0.000476837158203125, "4": 0.01361083984375, "5": 0.01361083984375, "6": 0.0001697540283203125}, "2": {"0": 0.00640869140625, "1": 0.00640869140625, "2": 0.00640869140625, "3": 0.00057220458984375, "4": 0.017578125, "5": 0.017578125, "6": 0.0002460479736328125}, "3": {"0": 0.010986328125, "1": 0.010986328125, "2": 0.010986328125, "3": 0.00072479248046875, "4": 0.02099609375, "5": 0.02099609375, "6": 0.0003376007080078125}, "4": {"0": 0.016357421875, "1": 0.016357421875, "2": 0.016357421875, "3": 0.000690460205078125, "4": 0.022705078125, "5": 0.022705078125, "6": 0.000385284423828125}, "5": {"0": 0.0250244140625, "1": 0.0250244140625, "2": 0.0250244140625, "3": 0.00072479248046875, "4": 0.024169921875, "5": 0.024169921875, "6": 0.00048828125}, "6": {"0": 0.03759765625, "1": 0.03759765625, "2": 0.03759765625, "3": 0.00077056884765625, "4": 0.026123046875, "5": 0.026123046875, "6": 0.00057220458984375}, "7": {"0": 0.0322265625, "1": 0.0322265625, "2": 0.0322265625, "3": 0.0007781982421875, "4": 0.0284423828125, "5": 0.0284423828125, "6": 0.00066375732421875}, "8": {"0": 0.04150390625, "1": 0.04150390625, "2": 0.04150390625, "3": 0.00128173828125, "4": 0.0296630859375, "5": 0.0296630859375, "6": 0.000762939453125}, "9": {"0": 0.03369140625, "1": 0.03369140625, "2": 0.03369140625, "3": 0.001373291015625, "4": 0.031005859375, "5": 0.031005859375, "6": 0.000904083251953125}, "10": {"0": 0.057861328125, "1": 0.057861328125, "2": 0.057861328125, "3": 0.0014190673828125, "4": 0.035888671875, "5": 0.035888671875, "6": 0.00109100341796875}, "11": {"0": 0.057373046875, "1": 0.057373046875, "2": 0.057373046875, "3": 0.00113677978515625, "4": 0.03955078125, "5": 0.03955078125, "6": 0.001220703125}, "12": {"0": 0.053466796875, "1": 0.053466796875, "2": 0.053466796875, "3": 0.00185394287109375, "4": 0.039794921875, "5": 0.039794921875, "6": 0.00140380859375}, "13": {"0": 0.06494140625, "1": 0.06494140625, "2": 0.06494140625, "3": 0.0038604736328125, "4": 0.039794921875, "5": 0.039794921875, "6": 0.00171661376953125}, "14": {"0": 0.07275390625, "1": 0.07275390625, "2": 0.07275390625, "3": 0.0032196044921875, "4": 0.044921875, "5": 0.044921875, "6": 0.001983642578125}, "15": {"0": 0.064453125, "1": 0.064453125, "2": 0.064453125, "3": 0.004241943359375, "4": 0.048095703125, "5": 0.048095703125, "6": 0.0024261474609375}, "16": {"0": 0.0703125, "1": 0.0703125, "2": 0.0703125, "3": 0.005645751953125, "4": 0.052978515625, "5": 0.052978515625, "6": 0.002838134765625}, "17": {"0": 0.0791015625, "1": 0.0791015625, "2": 0.0791015625, "3": 0.0079345703125, "4": 0.05810546875, "5": 0.05810546875, "6": 0.00335693359375}, "18": {"0": 0.08935546875, "1": 0.08935546875, "2": 0.08935546875, "3": 0.00921630859375, "4": 0.06494140625, "5": 0.06494140625, "6": 0.004058837890625}, "19": {"0": 0.083984375, "1": 0.083984375, "2": 0.083984375, "3": 0.007049560546875, "4": 0.0673828125, "5": 0.0673828125, "6": 0.0048828125}, "20": {"0": 0.091796875, "1": 0.091796875, "2": 0.091796875, "3": 0.00360107421875, "4": 0.0712890625, "5": 0.0712890625, "6": 0.00457763671875}, "21": {"0": 0.109375, "1": 0.109375, "2": 0.109375, "3": 0.006744384765625, "4": 0.07568359375, "5": 0.07568359375, "6": 0.004730224609375}, "22": {"0": 0.1123046875, "1": 0.1123046875, "2": 0.1123046875, "3": 0.003082275390625, "4": 0.07763671875, "5": 0.07763671875, "6": 0.004791259765625}, "23": {"0": 0.11376953125, "1": 0.11376953125, "2": 0.11376953125, "3": 0.004608154296875, "4": 0.0791015625, "5": 0.0791015625, "6": 0.00469970703125}, "24": {"0": 0.07666015625, "1": 0.07666015625, "2": 0.07666015625, "3": 0.0031890869140625, "4": 0.07958984375, "5": 0.07958984375, "6": 0.004669189453125}, "25": {"0": 0.111328125, "1": 0.111328125, "2": 0.111328125, "3": 0.0021820068359375, "4": 0.0810546875, "5": 0.0810546875, "6": 0.0047607421875}, "26": {"0": 0.11181640625, "1": 0.11181640625, "2": 0.11181640625, "3": 0.0034942626953125, "4": 0.08056640625, "5": 0.08056640625, "6": 0.004974365234375}, "27": {"0": 0.10546875, "1": 0.10546875, "2": 0.10546875, "3": 0.0107421875, "4": 0.0810546875, "5": 0.0810546875, "6": 0.005645751953125}, "28": {"0": 0.12158203125, "1": 0.12158203125, "2": 0.12158203125, "3": 0.008544921875, "4": 0.08251953125, "5": 0.08251953125, "6": 0.006134033203125}, "29": {"0": 0.125, "1": 0.125, "2": 0.125, "3": 0.0089111328125, "4": 0.08447265625, "5": 0.08447265625, "6": 0.00628662109375}, "30": {"0": 0.1083984375, "1": 0.1083984375, "2": 0.1083984375, "3": 0.0098876953125, "4": 0.08447265625, "5": 0.08447265625, "6": 0.00616455078125}, "31": {"0": 0.12890625, "1": 0.12890625, "2": 0.12890625, "3": 0.0157470703125, "4": 0.0859375, "5": 0.0859375, "6": 0.006378173828125}, "32": {"0": 0.107421875, "1": 0.107421875, "2": 0.107421875, "3": 0.006805419921875, "4": 0.0859375, "5": 0.0859375, "6": 0.00640869140625}, "33": {"0": 0.1328125, "1": 0.1328125, "2": 0.1328125, "3": 0.016357421875, "4": 0.0869140625, "5": 0.0869140625, "6": 0.006591796875}, "34": {"0": 0.1220703125, "1": 0.1220703125, "2": 0.1220703125, "3": 0.0162353515625, "4": 0.08642578125, "5": 0.08642578125, "6": 0.007080078125}, "35": {"0": 0.1318359375, "1": 0.1318359375, "2": 0.1318359375, "3": 0.0108642578125, "4": 0.08740234375, "5": 0.08740234375, "6": 0.006378173828125}, "36": {"0": 0.10986328125, "1": 0.10986328125, "2": 0.10986328125, "3": 0.008056640625, "4": 0.087890625, "5": 0.087890625, "6": 0.00604248046875}, "37": {"0": 0.12255859375, "1": 0.12255859375, "2": 0.12255859375, "3": 0.00830078125, "4": 0.08984375, "5": 0.08984375, "6": 0.005767822265625}, "38": {"0": 0.12255859375, "1": 0.12255859375, "2": 0.12255859375, "3": 0.0062255859375, "4": 0.09130859375, "5": 0.09130859375, "6": 0.0057373046875}, "39": {"0": 0.1220703125, "1": 0.1220703125, "2": 0.1220703125, "3": 0.004425048828125, "4": 0.091796875, "5": 0.091796875, "6": 0.00555419921875}, "40": {"0": 0.12060546875, "1": 0.12060546875, "2": 0.12060546875, "3": 0.00262451171875, "4": 0.0927734375, "5": 0.0927734375, "6": 0.00543212890625}, "41": {"0": 0.11865234375, "1": 0.11865234375, "2": 0.11865234375, "3": 0.00286865234375, "4": 0.09423828125, "5": 0.09423828125, "6": 0.005279541015625}, "42": {"0": 0.0986328125, "1": 0.0986328125, "2": 0.0986328125, "3": 0.00154876708984375, "4": 0.095703125, "5": 0.095703125, "6": 0.00518798828125}, "43": {"0": 0.10302734375, "1": 0.10302734375, "2": 0.10302734375, "3": 0.002105712890625, "4": 0.09619140625, "5": 0.09619140625, "6": 0.0052490234375}, "44": {"0": 0.138671875, "1": 0.138671875, "2": 0.138671875, "3": 0.003662109375, "4": 0.09716796875, "5": 0.09716796875, "6": 0.00543212890625}, "45": {"0": 0.09912109375, "1": 0.09912109375, "2": 0.09912109375, "3": 0.002227783203125, "4": 0.0986328125, "5": 0.0986328125, "6": 0.005401611328125}, "46": {"0": 0.05419921875, "1": 0.05419921875, "2": 0.05419921875, "3": 0.00083160400390625, "4": 0.09912109375, "5": 0.09912109375, "6": 0.0052490234375}, "47": {"0": 0.10791015625, "1": 0.10791015625, "2": 0.10791015625, "3": 0.00124359130859375, "4": 0.10009765625, "5": 0.10009765625, "6": 0.00537109375}, "48": {"0": 0.10888671875, "1": 0.10888671875, "2": 0.10888671875, "3": 0.00128936767578125, "4": 0.1005859375, "5": 0.1005859375, "6": 0.00555419921875}, "49": {"0": 0.1103515625, "1": 0.1103515625, "2": 0.1103515625, "3": 0.00153350830078125, "4": 0.1015625, "5": 0.1015625, "6": 0.005462646484375}, "50": {"0": 0.0888671875, "1": 0.0888671875, "2": 0.0888671875, "3": 0.00109100341796875, "4": 0.10205078125, "5": 0.10205078125, "6": 0.005401611328125}, "51": {"0": 0.1005859375, "1": 0.1005859375, "2": 0.1005859375, "3": 0.00157928466796875, "4": 0.1025390625, "5": 0.1025390625, "6": 0.00555419921875},