{"0": {"0": 0.00177001953125, "1": 0.00177001953125, "2": 0.00177001953125, "3": 0.00074005126953125, "4": 0.017578125, "5": 0.017578125, "6": 0.0002460479736328125}, "1": {"0": 0.01239013671875, "1": 0.01239013671875, "2": 0.01239013671875, "3": 0.001190185546875, "4": 0.0283203125, "5": 0.0283203125, "6": 0.000568389892578125}, "2": {"0": 0.016845703125, "1": 0.016845703125, "2": 0.016845703125, "3": 0.00151824951171875, "4": 0.035400390625, "5": 0.035400390625, "6": 0.00078582763671875}, "3": {"0": 0.0286865234375, "1": 0.0286865234375, "2": 0.0286865234375, "3": 0.00179290771484375, "4": 0.04150390625, "5": 0.04150390625, "6": 0.0010528564453125}, "4": {"0": 0.0390625, "1": 0.0390625, "2": 0.0390625, "3": 0.0019683837890625, "4": 0.04443359375, "5": 0.04443359375, "6": 0.00118255615234375}, "5": {"0": 0.05517578125, "1": 0.05517578125, "2": 0.05517578125, "3": 0.0019378662109375, "4": 0.04736328125, "5": 0.04736328125, "6": 0.00145721435546875}, "6": {"0": 0.08203125, "1": 0.08203125, "2": 0.08203125, "3": 0.0019683837890625, "4": 0.05126953125, "5": 0.05126953125, "6": 0.00168609619140625}, "7": {"0": 0.0703125, "1": 0.0703125, "2": 0.0703125, "3": 0.0020599365234375, "4": 0.054931640625, "5": 0.054931640625, "6": 0.001953125}, "8": {"0": 0.0869140625, "1": 0.0869140625, "2": 0.0869140625, "3": 0.00341796875, "4": 0.05712890625, "5": 0.05712890625, "6": 0.002227783203125}, "9": {"0": 0.06982421875, "1": 0.06982421875, "2": 0.06982421875, "3": 0.003814697265625, "4": 0.059326171875, "5": 0.059326171875, "6": 0.00262451171875}, "10": {"0": 0.11962890625, "1": 0.11962890625, "2": 0.11962890625, "3": 0.004364013671875, "4": 0.06884765625, "5": 0.06884765625, "6": 0.003173828125}, "11": {"0": 0.11474609375, "1": 0.11474609375, "2": 0.11474609375, "3": 0.0036163330078125, "4": 0.076171875, "5": 0.076171875, "6": 0.0035552978515625}, "12": {"0": 0.10791015625, "1": 0.10791015625, "2": 0.10791015625, "3": 0.005035400390625, "4": 0.076171875, "5": 0.076171875, "6": 0.00408935546875}, "13": {"0": 0.12890625, "1": 0.12890625, "2": 0.12890625, "3": 0.01055908203125, "4": 0.076171875, "5": 0.076171875, "6": 0.00494384765625}, "14": {"0": 0.1455078125, "1": 0.1455078125, "2": 0.1455078125, "3": 0.009521484375, "4": 0.0859375, "5": 0.0859375, "6": 0.005706787109375}, "15": {"0": 0.126953125, "1": 0.126953125, "2": 0.126953125, "3": 0.0123291015625, "4": 0.09130859375, "5": 0.09130859375, "6": 0.0068359375}, "16": {"0": 0.13671875, "1": 0.13671875, "2": 0.13671875, "3": 0.0152587890625, "4": 0.10107421875, "5": 0.10107421875, "6": 0.008056640625}, "17": {"0": 0.1533203125, "1": 0.1533203125, "2": 0.1533203125, "3": 0.02197265625, "4": 0.11083984375, "5": 0.11083984375, "6": 0.0093994140625}, "18": {"0": 0.1728515625, "1": 0.1728515625, "2": 0.1728515625, "3": 0.0255126953125, "4": 0.1240234375, "5": 0.1240234375, "6": 0.01123046875}, "19": {"0": 0.162109375, "1": 0.162109375, "2": 0.162109375, "3": 0.0238037109375, "4": 0.12890625, "5": 0.12890625, "6": 0.012939453125}, "20": {"0": 0.17578125, "1": 0.17578125, "2": 0.17578125, "3": 0.0196533203125, "4": 0.1357421875, "5": 0.1357421875, "6": 0.012451171875}, "21": {"0": 0.2109375, "1": 0.2109375, "2": 0.2109375, "3": 0.0247802734375, "4": 0.14453125, "5": 0.14453125, "6": 0.0128173828125}, "22": {"0": 0.2158203125, "1": 0.2158203125, "2": 0.2158203125, "3": 0.0157470703125, "4": 0.1484375, "5": 0.1484375, "6": 0.012939453125}, "23": {"0": 0.21875, "1": 0.21875, "2": 0.21875, "3": 0.0185546875, "4": 0.1513671875, "5": 0.1513671875, "6": 0.01287841796875}, "24": {"0": 0.1484375, "1": 0.1484375, "2": 0.1484375, "3": 0.0172119140625, "4": 0.1513671875, "5": 0.1513671875, "6": 0.01287841796875}, "25": {"0": 0.21484375, "1": 0.21484375, "2": 0.21484375, "3": 0.01220703125, "4": 0.1552734375, "5": 0.1552734375, "6": 0.01318359375}, "26": {"0": 0.21484375, "1": 0.21484375, "2": 0.21484375, "3": 0.0157470703125, "4": 0.154296875, "5": 0.154296875, "6": 0.01373291015625}, "27": {"0": 0.203125, "1": 0.203125, "2": 0.203125, "3": 0.033447265625, "4": 0.154296875, "5": 0.154296875, "6": 0.015380859375}, "28": {"0": 0.2333984375, "1": 0.2333984375, "2": 0.2333984375, "3": 0.032958984375, "4": 0.158203125, "5": 0.158203125, "6": 0.0167236328125}, "29": {"0": 0.240234375, "1": 0.240234375, "2": 0.240234375, "3": 0.03125, "4": 0.1611328125, "5": 0.1611328125, "6": 0.0169677734375}, "30": {"0": 0.2080078125, "1": 0.2080078125, "2": 0.2080078125, "3": 0.032958984375, "4": 0.1611328125, "5": 0.1611328125, "6": 0.0167236328125}, "31": {"0": 0.248046875, "1": 0.248046875, "2": 0.248046875, "3": 0.043212890625, "4": 0.1630859375, "5": 0.1630859375, "6": 0.0172119140625}, "32": {"0": 0.2060546875, "1": 0.2060546875, "2": 0.2060546875, "3": 0.0277099609375, "4": 0.1640625, "5": 0.1640625, "6": 0.0174560546875}, "33": {"0": 0.255859375, "1": 0.255859375, "2": 0.255859375, "3": 0.04443359375, "4": 0.166015625, "5": 0.166015625, "6": 0.0179443359375}, "34": {"0": 0.234375, "1": 0.234375, "2": 0.234375, "3": 0.0458984375, "4": 0.166015625, "5": 0.166015625, "6": 0.0186767578125}, "35": {"0": 0.25390625, "1": 0.25390625, "2": 0.25390625, "3": 0.035888671875, "4": 0.16796875, "5": 0.16796875, "6": 0.01708984375}, "36": {"0": 0.2109375, "1": 0.2109375, "2": 0.2109375, "3": 0.0284423828125, "4": 0.16796875, "5": 0.16796875, "6": 0.0166015625}, "37": {"0": 0.2353515625, "1": 0.2353515625, "2": 0.2353515625, "3": 0.02734375, "4": 0.1708984375, "5": 0.1708984375, "6": 0.015869140625}, "38": {"0": 0.234375, "1": 0.234375, "2": 0.234375, "3": 0.0277099609375, "4": 0.173828125, "5": 0.173828125, "6": 0.0157470703125}, "39": {"0": 0.234375, "1": 0.234375, "2": 0.234375, "3": 0.0185546875, "4": 0.1748046875, "5": 0.1748046875, "6": 0.01544189453125}, "40": {"0": 0.2314453125, "1": 0.2314453125, "2": 0.2314453125, "3": 0.01287841796875, "4": 0.1767578125, "5": 0.1767578125, "6": 0.01531982421875}, "41": {"0": 0.2275390625, "1": 0.2275390625, "2": 0.2275390625, "3": 0.01202392578125, "4": 0.1796875, "5": 0.1796875, "6": 0.01495361328125}, "42": {"0": 0.1904296875, "1": 0.1904296875, "2": 0.1904296875, "3": 0.005859375, "4": 0.1826171875, "5": 0.1826171875, "6": 0.01470947265625}, "43": {"0": 0.1982421875, "1": 0.1982421875, "2": 0.1982421875, "3": 0.01092529296875, "4": 0.18359375, "5": 0.18359375, "6": 0.01495361328125}, "44": {"0": 0.267578125, "1": 0.267578125, "2": 0.267578125, "3": 0.0147705078125, "4": 0.185546875, "5": 0.185546875, "6": 0.0155029296875}, "45": {"0": 0.1904296875, "1": 0.1904296875, "2": 0.1904296875, "3": 0.0108642578125, "4": 0.1884765625, "5": 0.1884765625, "6": 0.01544189453125}, "46": {"0": 0.10400390625, "1": 0.10400390625, "2": 0.10400390625, "3": 0.0021209716796875, "4": 0.189453125, "5": 0.189453125, "6": 0.01507568359375}, "47": {"0": 0.2080078125, "1": 0.2080078125, "2": 0.2080078125, "3": 0.004119873046875, "4": 0.19140625, "5": 0.19140625, "6": 0.015380859375}, "48": {"0": 0.208984375, "1": 0.208984375, "2": 0.208984375, "3": 0.004638671875, "4": 0.1923828125, "5": 0.1923828125, "6": 0.0159912109375}, "49": {"0": 0.212890625, "1": 0.212890625, "2": 0.212890625, "3": 0.006256103515625, "4": 0.1943359375, "5": 0.1943359375, "6": 0.0157470703125}, "50": {"0": 0.171875, "1": 0.171875, "2": 0.171875, "3": 0.003265380859375, "4": 0.1953125, "5": 0.1953125, "6": 0.015625}, "51": {"0": 0.1943359375, "1": 0.1943359375, "2": 0.1943359375, "3": 0.006103515625, "4": 0.197265625, "5": 0.197265625, "6": 0.0159912109375}, "52": {"0": 0.263671875, "1": 0.263671875, "2": 0.263671875, "3": 0.0133056640625, "4": 0.19921875, "5": 0.19921875, "6": 0.0167236328125}, "53": {"0": 0.2197265625, "1": 0.2197265625, "2": 0.2197265625, "3": 0.004119873046875, "4": 0.2021484375, "5": 0.2021484375, "6": 0.0167236328125}, "54": {"0": 0.1689453125, "1": 0.1689453125, "2": 0.1689453125, "3": 0.005035400390625, "4": 0.2021484375, "5": 0.2021484375, "6": 0.0164794921875}, "55": {"0": 0.169921875, "1": 0.169921875, "2": 0.169921875, "3": 0.011474609375,