{"0": {"0": 0.0037689208984375, "1": 0.0037689208984375, "2": 0.0037689208984375, "3": 0.0014677047729492188, "4": 0.0199737548828125, "5": 0.0199737548828125, "6": 0.0005202293395996094}, "1": {"0": 0.0299072265625, "1": 0.0299072265625, "2": 0.0299072265625, "3": 0.0024738311767578125, "4": 0.041168212890625, "5": 0.041168212890625, "6": 0.001979827880859375}, "2": {"0": 0.078369140625, "1": 0.078369140625, "2": 0.078369140625, "3": 0.00492095947265625, "4": 0.06561279296875, "5": 0.06561279296875, "6": 0.0038547515869140625}, "3": {"0": 0.0955810546875, "1": 0.0955810546875, "2": 0.0955810546875, "3": 0.0072021484375, "4": 0.083251953125, "5": 0.083251953125, "6": 0.00598907470703125}, "4": {"0": 0.1468505859375, "1": 0.1468505859375, "2": 0.1468505859375, "3": 0.00852203369140625, "4": 0.1002197265625, "5": 0.1002197265625, "6": 0.00870513916015625}, "5": {"0": 0.16357421875, "1": 0.16357421875, "2": 0.16357421875, "3": 0.01247406005859375, "4": 0.11724853515625, "5": 0.11724853515625, "6": 0.0123748779296875}, "6": {"0": 0.1883544921875, "1": 0.1883544921875, "2": 0.1883544921875, "3": 0.01393890380859375, "4": 0.131591796875, "5": 0.131591796875, "6": 0.01557159423828125}, "7": {"0": 0.186279296875, "1": 0.186279296875, "2": 0.186279296875, "3": 0.022491455078125, "4": 0.1417236328125, "5": 0.1417236328125, "6": 0.01953125}, "8": {"0": 0.211181640625, "1": 0.211181640625, "2": 0.211181640625, "3": 0.027069091796875, "4": 0.1522216796875, "5": 0.1522216796875, "6": 0.0224609375}, "9": {"0": 0.23486328125, "1": 0.23486328125, "2": 0.23486328125, "3": 0.0258636474609375, "4": 0.1607666015625, "5": 0.1607666015625, "6": 0.0246429443359375}, "10": {"0": 0.2354736328125, "1": 0.2354736328125, "2": 0.2354736328125, "3": 0.039642333984375, "4": 0.1650390625, "5": 0.1650390625, "6": 0.0274658203125}, "11": {"0": 0.2288818359375, "1": 0.2288818359375, "2": 0.2288818359375, "3": 0.04376220703125, "4": 0.167236328125, "5": 0.167236328125, "6": 0.028839111328125}, "12": {"0": 0.2464599609375, "1": 0.2464599609375, "2": 0.2464599609375, "3": 0.04632568359375, "4": 0.1712646484375, "5": 0.1712646484375, "6": 0.028900146484375}, "13": {"0": 0.26904296875, "1": 0.26904296875, "2": 0.26904296875, "3": 0.042510986328125, "4": 0.177978515625, "5": 0.177978515625, "6": 0.0307769775390625}, "14": {"0": 0.268310546875, "1": 0.268310546875, "2": 0.268310546875, "3": 0.05242919921875, "4": 0.18505859375, "5": 0.18505859375, "6": 0.032318115234375}, "15": {"0": 0.264892578125, "1": 0.264892578125, "2": 0.264892578125, "3": 0.055511474609375, "4": 0.1920166015625, "5": 0.1920166015625, "6": 0.034088134765625}, "16": {"0": 0.281005859375, "1": 0.281005859375, "2": 0.281005859375, "3": 0.04461669921875, "4": 0.2008056640625, "5": 0.2008056640625, "6": 0.03680419921875}, "17": {"0": 0.28271484375, "1": 0.28271484375, "2": 0.28271484375, "3": 0.0408935546875, "4": 0.20947265625, "5": 0.20947265625, "6": 0.03656005859375}, "18": {"0": 0.28955078125, "1": 0.28955078125, "2": 0.28955078125, "3": 0.034027099609375, "4": 0.218017578125, "5": 0.218017578125, "6": 0.037078857421875}, "19": {"0": 0.29443359375, "1": 0.29443359375, "2": 0.29443359375, "3": 0.031402587890625, "4": 0.2257080078125, "5": 0.2257080078125, "6": 0.03839111328125}, "20": {"0": 0.2841796875, "1": 0.2841796875, "2": 0.2841796875, "3": 0.034393310546875, "4": 0.2318115234375, "5": 0.2318115234375, "6": 0.040313720703125}, "21": {"0": 0.299072265625, "1": 0.299072265625, "2": 0.299072265625, "3": 0.033294677734375, "4": 0.2408447265625, "5": 0.2408447265625, "6": 0.04315185546875}, "22": {"0": 0.321533203125, "1": 0.321533203125, "2": 0.321533203125, "3": 0.0208587646484375, "4": 0.2491455078125, "5": 0.2491455078125, "6": 0.043792724609375}, "23": {"0": 0.32080078125, "1": 0.32080078125, "2": 0.32080078125, "3": 0.0164794921875, "4": 0.2548828125, "5": 0.2548828125, "6": 0.04412841796875}, "24": {"0": 0.32470703125, "1": 0.32470703125, "2": 0.32470703125, "3": 0.020294189453125, "4": 0.26123046875, "5": 0.26123046875, "6": 0.044708251953125}, "25": {"0": 0.339599609375, "1": 0.339599609375, "2": 0.339599609375, "3": 0.0168304443359375, "4": 0.26806640625, "5": 0.26806640625, "6": 0.046173095703125}, "26": {"0": 0.33837890625, "1": 0.33837890625, "2": 0.33837890625, "3": 0.0172271728515625, "4": 0.27294921875, "5": 0.27294921875, "6": 0.04736328125}, "27": {"0": 0.36181640625, "1": 0.36181640625, "2": 0.36181640625, "3": 0.0161895751953125, "4": 0.2783203125, "5": 0.2783203125, "6": 0.0484619140625}, "28": {"0": 0.360595703125, "1": 0.360595703125, "2": 0.360595703125, "3": 0.016815185546875, "4": 0.28271484375, "5": 0.28271484375, "6": 0.049652099609375}, "29": {"0": 0.369873046875, "1": 0.369873046875, "2": 0.369873046875, "3": 0.0156097412109375, "4": 0.287353515625, "5": 0.287353515625, "6": 0.05078125}, "30": {"0": 0.388427734375, "1": 0.388427734375, "2": 0.388427734375, "3": 0.0173492431640625, "4": 0.29345703125, "5": 0.29345703125, "6": 0.05322265625}, "31": {"0": 0.36669921875, "1": 0.36669921875, "2": 0.36669921875, "3": 0.0181121826171875, "4": 0.29833984375, "5": 0.29833984375, "6": 0.05487060546875}, "32": {"0": 0.382080078125, "1": 0.382080078125, "2": 0.382080078125, "3": 0.0184478759765625, "4": 0.30322265625, "5": 0.30322265625, "6": 0.056884765625}, "33": {"0": 0.366943359375, "1": 0.366943359375, "2": 0.366943359375, "3": 0.0195465087890625, "4": 0.307373046875, "5": 0.307373046875, "6": 0.05865478515625}, "34": {"0": 0.37548828125, "1": 0.37548828125, "2": 0.37548828125, "3": 0.02392578125, "4": 0.31298828125, "5": 0.31298828125, "6": 0.0615234375}, "35": {"0": 0.364013671875, "1": 0.364013671875, "2": 0.364013671875, "3": 0.029022216796875, "4": 0.31884765625, "5": 0.31884765625, "6": 0.06512451171875}, "36": {"0": 0.35498046875, "1": 0.35498046875, "2": 0.35498046875, "3": 0.035552978515625, "4": 0.32421875, "5": 0.32421875, "6": 0.06939697265625}, "37": {"0": 0.347412109375, "1": 0.347412109375, "2": 0.347412109375, "3": 0.050048828125, "4": 0.31640625, "5": 0.31640625, "6": 0.0736083984375}, "38": {"0": 0.3427734375, "1": 0.3427734375, "2": 0.3427734375, "3": 0.050872802734375, "4": 0.31005859375, "5": 0.31005859375, "6": 0.08184814453125}, "39": {"0": 0.3203125, "1": 0.3203125, "2": 0.3203125, "3": 0.08758544921875, "4": 0.270751953125, "5": 0.270751953125, "6": 0.08587646484375}}