{"0": {"0": 0.0027065277099609375, "1": 0.0027065277099609375, "2": 0.0027065277099609375, "3": 0.0011539459228515625, "4": 0.015655517578125, "5": 0.015655517578125, "6": 0.0003554821014404297}, "1": {"0": 0.0225067138671875, "1": 0.0225067138671875, "2": 0.0225067138671875, "3": 0.0018100738525390625, "4": 0.03253173828125, "5": 0.03253173828125, "6": 0.0013513565063476562}, "2": {"0": 0.061553955078125, "1": 0.061553955078125, "2": 0.061553955078125, "3": 0.0036640167236328125, "4": 0.052154541015625, "5": 0.052154541015625, "6": 0.002666473388671875}, "3": {"0": 0.07574462890625, "1": 0.07574462890625, "2": 0.07574462890625, "3": 0.00528717041015625, "4": 0.06640625, "5": 0.06640625, "6": 0.00418853759765625}, "4": {"0": 0.11676025390625, "1": 0.11676025390625, "2": 0.11676025390625, "3": 0.006195068359375, "4": 0.080078125, "5": 0.080078125, "6": 0.006160736083984375}, "5": {"0": 0.13037109375, "1": 0.13037109375, "2": 0.13037109375, "3": 0.00875091552734375, "4": 0.09381103515625, "5": 0.09381103515625, "6": 0.00884246826171875}, "6": {"0": 0.150390625, "1": 0.150390625, "2": 0.150390625, "3": 0.00982666015625, "4": 0.10528564453125, "5": 0.10528564453125, "6": 0.01117706298828125}, "7": {"0": 0.1488037109375, "1": 0.1488037109375, "2": 0.1488037109375, "3": 0.0158843994140625, "4": 0.1134033203125, "5": 0.1134033203125, "6": 0.01416778564453125}, "8": {"0": 0.1688232421875, "1": 0.1688232421875, "2": 0.1688232421875, "3": 0.018829345703125, "4": 0.12188720703125, "5": 0.12188720703125, "6": 0.0163116455078125}, "9": {"0": 0.187744140625, "1": 0.187744140625, "2": 0.187744140625, "3": 0.0177764892578125, "4": 0.128662109375, "5": 0.128662109375, "6": 0.01788330078125}, "10": {"0": 0.188232421875, "1": 0.188232421875, "2": 0.188232421875, "3": 0.027496337890625, "4": 0.1319580078125, "5": 0.1319580078125, "6": 0.0200042724609375}, "11": {"0": 0.1829833984375, "1": 0.1829833984375, "2": 0.1829833984375, "3": 0.0308837890625, "4": 0.1336669921875, "5": 0.1336669921875, "6": 0.02099609375}, "12": {"0": 0.19677734375, "1": 0.19677734375, "2": 0.19677734375, "3": 0.03363037109375, "4": 0.1368408203125, "5": 0.1368408203125, "6": 0.020965576171875}, "13": {"0": 0.21484375, "1": 0.21484375, "2": 0.21484375, "3": 0.0302886962890625, "4": 0.1422119140625, "5": 0.1422119140625, "6": 0.0223541259765625}, "14": {"0": 0.2142333984375, "1": 0.2142333984375, "2": 0.2142333984375, "3": 0.03753662109375, "4": 0.1478271484375, "5": 0.1478271484375, "6": 0.0234222412109375}, "15": {"0": 0.2115478515625, "1": 0.2115478515625, "2": 0.2115478515625, "3": 0.0404052734375, "4": 0.1534423828125, "5": 0.1534423828125, "6": 0.0247039794921875}, "16": {"0": 0.2244873046875, "1": 0.2244873046875, "2": 0.2244873046875, "3": 0.031707763671875, "4": 0.1605224609375, "5": 0.1605224609375, "6": 0.0267333984375}, "17": {"0": 0.225830078125, "1": 0.225830078125, "2": 0.225830078125, "3": 0.0287933349609375, "4": 0.16748046875, "5": 0.16748046875, "6": 0.02642822265625}, "18": {"0": 0.2314453125, "1": 0.2314453125, "2": 0.2314453125, "3": 0.0245513916015625, "4": 0.17431640625, "5": 0.17431640625, "6": 0.026763916015625}, "19": {"0": 0.2353515625, "1": 0.2353515625, "2": 0.2353515625, "3": 0.022430419921875, "4": 0.1805419921875, "5": 0.1805419921875, "6": 0.02764892578125}, "20": {"0": 0.22705078125, "1": 0.22705078125, "2": 0.22705078125, "3": 0.0241851806640625, "4": 0.1854248046875, "5": 0.1854248046875, "6": 0.02899169921875}, "21": {"0": 0.239013671875, "1": 0.239013671875, "2": 0.239013671875, "3": 0.0235443115234375, "4": 0.192626953125, "5": 0.192626953125, "6": 0.0311126708984375}, "22": {"0": 0.257080078125, "1": 0.257080078125, "2": 0.257080078125, "3": 0.01529693603515625, "4": 0.1993408203125, "5": 0.1993408203125, "6": 0.031494140625}, "23": {"0": 0.25634765625, "1": 0.25634765625, "2": 0.25634765625, "3": 0.01230621337890625, "4": 0.2039794921875, "5": 0.2039794921875, "6": 0.03167724609375}, "24": {"0": 0.259521484375, "1": 0.259521484375, "2": 0.259521484375, "3": 0.014801025390625, "4": 0.208984375, "5": 0.208984375, "6": 0.03204345703125}, "25": {"0": 0.271484375, "1": 0.271484375, "2": 0.271484375, "3": 0.0126800537109375, "4": 0.21435546875, "5": 0.21435546875, "6": 0.0330810546875}, "26": {"0": 0.2705078125, "1": 0.2705078125, "2": 0.2705078125, "3": 0.012847900390625, "4": 0.21826171875, "5": 0.21826171875, "6": 0.033935546875}, "27": {"0": 0.289306640625, "1": 0.289306640625, "2": 0.289306640625, "3": 0.012237548828125, "4": 0.22265625, "5": 0.22265625, "6": 0.034759521484375}, "28": {"0": 0.288330078125, "1": 0.288330078125, "2": 0.288330078125, "3": 0.012603759765625, "4": 0.22607421875, "5": 0.22607421875, "6": 0.035552978515625}, "29": {"0": 0.295654296875, "1": 0.295654296875, "2": 0.295654296875, "3": 0.0118255615234375, "4": 0.229736328125, "5": 0.229736328125, "6": 0.036376953125}, "30": {"0": 0.310546875, "1": 0.310546875, "2": 0.310546875, "3": 0.01299285888671875, "4": 0.234619140625, "5": 0.234619140625, "6": 0.038116455078125}, "31": {"0": 0.293212890625, "1": 0.293212890625, "2": 0.293212890625, "3": 0.0135955810546875, "4": 0.238525390625, "5": 0.238525390625, "6": 0.039337158203125}, "32": {"0": 0.305419921875, "1": 0.305419921875, "2": 0.305419921875, "3": 0.01397705078125, "4": 0.242431640625, "5": 0.242431640625, "6": 0.04083251953125}, "33": {"0": 0.293212890625, "1": 0.293212890625, "2": 0.293212890625, "3": 0.0146636962890625, "4": 0.2459716796875, "5": 0.2459716796875, "6": 0.04205322265625}, "34": {"0": 0.300048828125, "1": 0.300048828125, "2": 0.300048828125, "3": 0.01763916015625, "4": 0.250244140625, "5": 0.250244140625, "6": 0.0440673828125}, "35": {"0": 0.291015625, "1": 0.291015625, "2": 0.291015625, "3": 0.02093505859375, "4": 0.255126953125, "5": 0.255126953125, "6": 0.046600341796875}, "36": {"0": 0.28369140625, "1": 0.28369140625, "2": 0.28369140625, "3": 0.0252838134765625, "4": 0.25927734375, "5": 0.25927734375, "6": 0.049591064453125}, "37": {"0": 0.27783203125, "1": 0.27783203125, "2": 0.27783203125, "3": 0.03509521484375, "4": 0.2529296875, "5": 0.2529296875, "6": 0.052764892578125}, "38": {"0": 0.27392578125, "1": 0.27392578125, "2": 0.27392578125, "3": 0.0357666015625, "4": 0.2479248046875, "5": 0.2479248046875, "6": 0.058197021484375}, "39": {"0": 0.256103515625, "1": 0.256103515625, "2": 0.256103515625, "3": 0.06439208984375, "4": 0.216552734375, "5": 0.216552734375, "6": 0.05975341796875}}