{"0": {"0": 2.034994395216927e-11, "1": 2.034994395216927e-11, "2": 2.034994395216927e-11, "3": 0.0, "4": 0.0, "5": 0.0, "6": 0.0}, "1": {"0": 0.0, "1": 0.0, "2": 0.0, "3": 0.0, "4": 0.0, "5": 0.0, "6": 0.0}, "2": {"0": 0.0, "1": 0.0, "2": 0.0, "3": 0.0, "4": 0.0, "5": 0.0, "6": 0.0}, "3": {"0": 0.0, "1": 0.0, "2": 0.0, "3": 1.5279510989785194e-10, "4": 0.0, "5": 0.0, "6": 0.0}, "4": {"0": 0.0, "1": 0.0, "2": 0.0, "3": 0.0, "4": 0.0, "5": 0.0, "6": 0.0}, "5": {"0": 0.0, "1": 0.0, "2": 0.0, "3": 0.0, "4": 0.0, "5": 0.0, "6": 1.1425527191022411e-11}, "6": {"0": 0.0, "1": 0.0, "2": 0.0, "3": 6.984919309616089e-10, "4": 0.0, "5": 0.0, "6": 0.0}, "7": {"0": 0.0, "1": 0.0, "2": 0.0, "3": 0.0, "4": 0.0, "5": 0.0, "6": 0.0}, "8": {"0": 0.0, "1": 0.0, "2": 0.0, "3": 1.3969838619232178e-09, "4": 0.0, "5": 0.0, "6": 0.0}, "9": {"0": 0.0, "1": 0.0, "2": 0.0, "3": 4.656612873077393e-10, "4": 0.0, "5": 0.0, "6": 0.0}, "10": {"0": 0.0, "1": 0.0, "2": 0.0, "3": 0.0, "4": 0.0, "5": 0.0, "6": 0.0}, "11": {"0": 0.0, "1": 0.0, "2": 0.0, "3": 0.0, "4": 0.0, "5": 0.0, "6": 0.0}, "12": {"0": 0.0, "1": 0.0, "2": 0.0, "3": 0.0, "4": 0.0, "5": 0.0, "6": 3.311129148642067e-12}, "13": {"0": 0.0, "1": 0.0, "2": 0.0, "3": 9.313225746154785e-10, "4": 0.0, "5": 0.0, "6": 1.77351466845721e-11}, "14": {"0": 0.0, "1": 0.0, "2": 0.0, "3": 3.259629011154175e-09, "4": 0.0, "5": 0.0, "6": 0.0}, "15": {"0": 0.0, "1": 0.0, "2": 0.0, "3": 0.0, "4": 0.0, "5": 0.0, "6": 6.423306331271306e-12}, "16": {"0": 0.0, "1": 0.0, "2": 0.0, "3": 4.0745362639427185e-10, "4": 0.0, "5": 0.0, "6": 1.0459189070388675e-11}, "17": {"0": 0.0, "1": 0.0, "2": 0.0, "3": 5.820766091346741e-10, "4": 0.0, "5": 0.0, "6": 2.637534635141492e-11}, "18": {"0": 0.0, "1": 0.0, "2": 0.0, "3": 4.656612873077393e-10, "4": 0.0, "5": 0.0, "6": 6.608047442568932e-13}, "19": {"0": 0.0, "1": 0.0, "2": 0.0, "3": 1.4551915228366852e-11, "4": 0.0, "5": 0.0, "6": 3.7061909097246826e-11}, "20": {"0": 0.0, "1": 0.0, "2": 0.0, "3": 0.0, "4": 0.0, "5": 0.0, "6": 0.0}, "21": {"0": 0.0, "1": 0.0, "2": 0.0, "3": 8.731149137020111e-10, "4": 0.0, "5": 0.0, "6": 9.231371222995222e-11}, "22": {"0": 0.0, "1": 0.0, "2": 0.0, "3": 1.3969838619232178e-09, "4": 0.0, "5": 0.0, "6": 6.048139766789973e-11}, "23": {"0": 0.0, "1": 0.0, "2": 0.0, "3": 0.0, "4": 0.0, "5": 0.0, "6": 1.9610979506978765e-12}, "24": {"0": 0.0, "1": 0.0, "2": 0.0, "3": 1.1641532182693481e-10, "4": 0.0, "5": 0.0, "6": 3.456079866737127e-11}, "25": {"0": 0.0, "1": 0.0, "2": 0.0, "3": 0.0, "4": 0.0, "5": 0.0, "6": 4.501998773775995e-11}, "26": {"0": 0.0, "1": 0.0, "2": 0.0, "3": 0.0, "4": 0.0, "5": 0.0, "6": 4.206412995699793e-12}, "27": {"0": 0.0, "1": 0.0, "2": 0.0, "3": 0.0, "4": 0.0, "5": 0.0, "6": 1.1482370609883219e-11}, "28": {"0": 0.0, "1": 0.0, "2": 0.0, "3": 1.1641532182693481e-10, "4": 0.0, "5": 0.0, "6": 0.0}, "29": {"0": 0.0, "1": 0.0, "2": 0.0, "3": 0.0, "4": 0.0, "5": 0.0, "6": 0.0}, "30": {"0": 0.0, "1": 0.0, "2": 0.0, "3": 1.862645149230957e-09, "4": 0.0, "5": 0.0, "6": 1.3733369996771216e-10}, "31": {"0": 0.0, "1": 0.0, "2": 0.0, "3": 0.0, "4": 0.0, "5": 0.0, "6": 1.4779288903810084e-11}}