{"0": {"0": 0.055419921875, "1": 0.055419921875, "2": 0.055419921875, "3": 0.00567626953125, "4": 0.1318359375, "5": 0.1318359375, "6": 0.00433349609375}, "1": {"0": 0.10400390625, "1": 0.10400390625, "2": 0.10400390625, "3": 0.0091552734375, "4": 0.173828125, "5": 0.173828125, "6": 0.006072998046875}, "2": {"0": 0.337890625, "1": 0.337890625, "2": 0.337890625, "3": 0.0120849609375, "4": 0.216796875, "5": 0.216796875, "6": 0.00909423828125}, "3": {"0": 0.396484375, "1": 0.396484375, "2": 0.396484375, "3": 0.018798828125, "4": 0.25390625, "5": 0.25390625, "6": 0.01446533203125}, "4": {"0": 0.3515625, "1": 0.3515625, "2": 0.3515625, "3": 0.0302734375, "4": 0.287109375, "5": 0.287109375, "6": 0.021240234375}, "5": {"0": 0.408203125, "1": 0.408203125, "2": 0.408203125, "3": 0.0361328125, "4": 0.314453125, "5": 0.314453125, "6": 0.02587890625}, "6": {"0": 0.4140625, "1": 0.4140625, "2": 0.4140625, "3": 0.049072265625, "4": 0.326171875, "5": 0.326171875, "6": 0.02978515625}, "7": {"0": 0.4296875, "1": 0.4296875, "2": 0.4296875, "3": 0.060791015625, "4": 0.330078125, "5": 0.330078125, "6": 0.03173828125}, "8": {"0": 0.45703125, "1": 0.45703125, "2": 0.45703125, "3": 0.07080078125, "4": 0.3359375, "5": 0.3359375, "6": 0.033447265625}, "9": {"0": 0.4609375, "1": 0.4609375, "2": 0.4609375, "3": 0.07421875, "4": 0.341796875, "5": 0.341796875, "6": 0.035400390625}, "10": {"0": 0.4765625, "1": 0.4765625, "2": 0.4765625, "3": 0.07666015625, "4": 0.34375, "5": 0.34375, "6": 0.03564453125}, "11": {"0": 0.486328125, "1": 0.486328125, "2": 0.486328125, "3": 0.08154296875, "4": 0.349609375, "5": 0.349609375, "6": 0.03662109375}, "12": {"0": 0.451171875, "1": 0.451171875, "2": 0.451171875, "3": 0.08544921875, "4": 0.34375, "5": 0.34375, "6": 0.037353515625}, "13": {"0": 0.50390625, "1": 0.50390625, "2": 0.50390625, "3": 0.09423828125, "4": 0.35546875, "5": 0.35546875, "6": 0.040771484375}, "14": {"0": 0.50390625, "1": 0.50390625, "2": 0.50390625, "3": 0.1005859375, "4": 0.373046875, "5": 0.373046875, "6": 0.04345703125}, "15": {"0": 0.49609375, "1": 0.49609375, "2": 0.49609375, "3": 0.09228515625, "4": 0.390625, "5": 0.390625, "6": 0.048095703125}, "16": {"0": 0.478515625, "1": 0.478515625, "2": 0.478515625, "3": 0.08740234375, "4": 0.41015625, "5": 0.41015625, "6": 0.048095703125}, "17": {"0": 0.49609375, "1": 0.49609375, "2": 0.49609375, "3": 0.07275390625, "4": 0.423828125, "5": 0.423828125, "6": 0.051513671875}, "18": {"0": 0.515625, "1": 0.515625, "2": 0.515625, "3": 0.044677734375, "4": 0.4375, "5": 0.4375, "6": 0.050048828125}, "19": {"0": 0.515625, "1": 0.515625, "2": 0.515625, "3": 0.039794921875, "4": 0.44921875, "5": 0.44921875, "6": 0.05029296875}, "20": {"0": 0.515625, "1": 0.515625, "2": 0.515625, "3": 0.043701171875, "4": 0.462890625, "5": 0.462890625, "6": 0.0517578125}, "21": {"0": 0.51171875, "1": 0.51171875, "2": 0.51171875, "3": 0.06494140625, "4": 0.478515625, "5": 0.478515625, "6": 0.056640625}, "22": {"0": 0.5234375, "1": 0.5234375, "2": 0.5234375, "3": 0.048095703125, "4": 0.48828125, "5": 0.48828125, "6": 0.05712890625}, "23": {"0": 0.53515625, "1": 0.53515625, "2": 0.53515625, "3": 0.033935546875, "4": 0.5, "5": 0.5, "6": 0.056884765625}, "24": {"0": 0.53515625, "1": 0.53515625, "2": 0.53515625, "3": 0.038818359375, "4": 0.5078125, "5": 0.5078125, "6": 0.057373046875}, "25": {"0": 0.54296875, "1": 0.54296875, "2": 0.54296875, "3": 0.045166015625, "4": 0.5234375, "5": 0.5234375, "6": 0.0595703125}, "26": {"0": 0.51953125, "1": 0.51953125, "2": 0.51953125, "3": 0.068359375, "4": 0.54296875, "5": 0.54296875, "6": 0.06494140625}, "27": {"0": 0.55859375, "1": 0.55859375, "2": 0.55859375, "3": 0.076171875, "4": 0.56640625, "5": 0.56640625, "6": 0.07177734375}, "28": {"0": 0.55078125, "1": 0.55078125, "2": 0.55078125, "3": 0.0830078125, "4": 0.58984375, "5": 0.58984375, "6": 0.08251953125}, "29": {"0": 0.58984375, "1": 0.58984375, "2": 0.58984375, "3": 0.0927734375, "4": 0.609375, "5": 0.609375, "6": 0.0947265625}, "30": {"0": 0.5625, "1": 0.5625, "2": 0.5625, "3": 0.134765625, "4": 0.625, "5": 0.625, "6": 0.1259765625}, "31": {"0": 0.515625, "1": 0.515625, "2": 0.515625, "3": 0.1826171875, "4": 0.53515625, "5": 0.53515625, "6": 0.21484375}}