{"0": {"0": 0.03125, "1": 0.03125, "2": 0.03125, "3": 0.0032806396484375, "4": 0.103515625, "5": 0.103515625, "6": 0.0029144287109375}, "1": {"0": 0.0771484375, "1": 0.0771484375, "2": 0.0771484375, "3": 0.0059814453125, "4": 0.138671875, "5": 0.138671875, "6": 0.004150390625}, "2": {"0": 0.263671875, "1": 0.263671875, "2": 0.263671875, "3": 0.007476806640625, "4": 0.1728515625, "5": 0.1728515625, "6": 0.00628662109375}, "3": {"0": 0.314453125, "1": 0.314453125, "2": 0.314453125, "3": 0.0126953125, "4": 0.205078125, "5": 0.205078125, "6": 0.01019287109375}, "4": {"0": 0.27734375, "1": 0.27734375, "2": 0.27734375, "3": 0.0208740234375, "4": 0.23046875, "5": 0.23046875, "6": 0.015380859375}, "5": {"0": 0.3203125, "1": 0.3203125, "2": 0.3203125, "3": 0.0247802734375, "4": 0.251953125, "5": 0.251953125, "6": 0.018798828125}, "6": {"0": 0.328125, "1": 0.328125, "2": 0.328125, "3": 0.034912109375, "4": 0.26171875, "5": 0.26171875, "6": 0.0218505859375}, "7": {"0": 0.341796875, "1": 0.341796875, "2": 0.341796875, "3": 0.04443359375, "4": 0.265625, "5": 0.265625, "6": 0.023193359375}, "8": {"0": 0.365234375, "1": 0.365234375, "2": 0.365234375, "3": 0.0517578125, "4": 0.271484375, "5": 0.271484375, "6": 0.0245361328125}, "9": {"0": 0.369140625, "1": 0.369140625, "2": 0.369140625, "3": 0.05419921875, "4": 0.2734375, "5": 0.2734375, "6": 0.02587890625}, "10": {"0": 0.37890625, "1": 0.37890625, "2": 0.37890625, "3": 0.054443359375, "4": 0.27734375, "5": 0.27734375, "6": 0.0260009765625}, "11": {"0": 0.388671875, "1": 0.388671875, "2": 0.388671875, "3": 0.060302734375, "4": 0.28125, "5": 0.28125, "6": 0.026611328125}, "12": {"0": 0.361328125, "1": 0.361328125, "2": 0.361328125, "3": 0.06396484375, "4": 0.275390625, "5": 0.275390625, "6": 0.0272216796875}, "13": {"0": 0.404296875, "1": 0.404296875, "2": 0.404296875, "3": 0.068359375, "4": 0.28515625, "5": 0.28515625, "6": 0.02978515625}, "14": {"0": 0.40234375, "1": 0.40234375, "2": 0.40234375, "3": 0.0732421875, "4": 0.298828125, "5": 0.298828125, "6": 0.03173828125}, "15": {"0": 0.396484375, "1": 0.396484375, "2": 0.396484375, "3": 0.064453125, "4": 0.3125, "5": 0.3125, "6": 0.03564453125}, "16": {"0": 0.3828125, "1": 0.3828125, "2": 0.3828125, "3": 0.0615234375, "4": 0.330078125, "5": 0.330078125, "6": 0.035400390625}, "17": {"0": 0.39453125, "1": 0.39453125, "2": 0.39453125, "3": 0.05126953125, "4": 0.33984375, "5": 0.33984375, "6": 0.038330078125}, "18": {"0": 0.41015625, "1": 0.41015625, "2": 0.41015625, "3": 0.0279541015625, "4": 0.3515625, "5": 0.3515625, "6": 0.036865234375}, "19": {"0": 0.41015625, "1": 0.41015625, "2": 0.41015625, "3": 0.02490234375, "4": 0.361328125, "5": 0.361328125, "6": 0.036865234375}, "20": {"0": 0.412109375, "1": 0.412109375, "2": 0.412109375, "3": 0.0281982421875, "4": 0.373046875, "5": 0.373046875, "6": 0.0380859375}, "21": {"0": 0.40625, "1": 0.40625, "2": 0.40625, "3": 0.042236328125, "4": 0.384765625, "5": 0.384765625, "6": 0.04150390625}, "22": {"0": 0.416015625, "1": 0.416015625, "2": 0.416015625, "3": 0.0303955078125, "4": 0.392578125, "5": 0.392578125, "6": 0.041748046875}, "23": {"0": 0.427734375, "1": 0.427734375, "2": 0.427734375, "3": 0.0218505859375, "4": 0.40234375, "5": 0.40234375, "6": 0.041259765625}, "24": {"0": 0.423828125, "1": 0.423828125, "2": 0.423828125, "3": 0.024169921875, "4": 0.41015625, "5": 0.41015625, "6": 0.04150390625}, "25": {"0": 0.431640625, "1": 0.431640625, "2": 0.431640625, "3": 0.0272216796875, "4": 0.421875, "5": 0.421875, "6": 0.043212890625}, "26": {"0": 0.4140625, "1": 0.4140625, "2": 0.4140625, "3": 0.043212890625, "4": 0.4375, "5": 0.4375, "6": 0.047119140625}, "27": {"0": 0.443359375, "1": 0.443359375, "2": 0.443359375, "3": 0.046630859375, "4": 0.455078125, "5": 0.455078125, "6": 0.0517578125}, "28": {"0": 0.439453125, "1": 0.439453125, "2": 0.439453125, "3": 0.053466796875, "4": 0.47265625, "5": 0.47265625, "6": 0.05908203125}, "29": {"0": 0.47265625, "1": 0.47265625, "2": 0.47265625, "3": 0.053955078125, "4": 0.48828125, "5": 0.48828125, "6": 0.06640625}, "30": {"0": 0.447265625, "1": 0.447265625, "2": 0.447265625, "3": 0.09228515625, "4": 0.5, "5": 0.5, "6": 0.08544921875}, "31": {"0": 0.4140625, "1": 0.4140625, "2": 0.4140625, "3": 0.12109375, "4": 0.4296875, "5": 0.4296875, "6": 0.12451171875}}