{"0": {"0": 0.018798828125, "1": 0.018798828125, "2": 0.018798828125, "3": 0.0021209716796875, "4": 0.08251953125, "5": 0.08251953125, "6": 0.00201416015625}, "1": {"0": 0.059814453125, "1": 0.059814453125, "2": 0.059814453125, "3": 0.004119873046875, "4": 0.111328125, "5": 0.111328125, "6": 0.002899169921875}, "2": {"0": 0.208984375, "1": 0.208984375, "2": 0.208984375, "3": 0.0048828125, "4": 0.1396484375, "5": 0.1396484375, "6": 0.00445556640625}, "3": {"0": 0.251953125, "1": 0.251953125, "2": 0.251953125, "3": 0.00885009765625, "4": 0.1650390625, "5": 0.1650390625, "6": 0.007293701171875}, "4": {"0": 0.22265625, "1": 0.22265625, "2": 0.22265625, "3": 0.01483154296875, "4": 0.185546875, "5": 0.185546875, "6": 0.01129150390625}, "5": {"0": 0.255859375, "1": 0.255859375, "2": 0.255859375, "3": 0.0174560546875, "4": 0.2041015625, "5": 0.2041015625, "6": 0.01397705078125}, "6": {"0": 0.26171875, "1": 0.26171875, "2": 0.26171875, "3": 0.0255126953125, "4": 0.2119140625, "5": 0.2119140625, "6": 0.0162353515625}, "7": {"0": 0.275390625, "1": 0.275390625, "2": 0.275390625, "3": 0.033447265625, "4": 0.21484375, "5": 0.21484375, "6": 0.0172119140625}, "8": {"0": 0.294921875, "1": 0.294921875, "2": 0.294921875, "3": 0.038818359375, "4": 0.2197265625, "5": 0.2197265625, "6": 0.01806640625}, "9": {"0": 0.298828125, "1": 0.298828125, "2": 0.298828125, "3": 0.04052734375, "4": 0.22265625, "5": 0.22265625, "6": 0.0191650390625}, "10": {"0": 0.3046875, "1": 0.3046875, "2": 0.3046875, "3": 0.039794921875, "4": 0.224609375, "5": 0.224609375, "6": 0.0191650390625}, "11": {"0": 0.314453125, "1": 0.314453125, "2": 0.314453125, "3": 0.045654296875, "4": 0.2275390625, "5": 0.2275390625, "6": 0.0196533203125}, "12": {"0": 0.291015625, "1": 0.291015625, "2": 0.291015625, "3": 0.049072265625, "4": 0.22265625, "5": 0.22265625, "6": 0.02001953125}, "13": {"0": 0.326171875, "1": 0.326171875, "2": 0.326171875, "3": 0.051025390625, "4": 0.23046875, "5": 0.23046875, "6": 0.0220947265625}, "14": {"0": 0.32421875, "1": 0.32421875, "2": 0.32421875, "3": 0.054931640625, "4": 0.2412109375, "5": 0.2412109375, "6": 0.0235595703125}, "15": {"0": 0.3203125, "1": 0.3203125, "2": 0.3203125, "3": 0.046142578125, "4": 0.25390625, "5": 0.25390625, "6": 0.026611328125}, "16": {"0": 0.30859375, "1": 0.30859375, "2": 0.30859375, "3": 0.044189453125, "4": 0.265625, "5": 0.265625, "6": 0.0263671875}, "17": {"0": 0.318359375, "1": 0.318359375, "2": 0.318359375, "3": 0.036376953125, "4": 0.275390625, "5": 0.275390625, "6": 0.0286865234375}, "18": {"0": 0.330078125, "1": 0.330078125, "2": 0.330078125, "3": 0.01806640625, "4": 0.28515625, "5": 0.28515625, "6": 0.0274658203125}, "19": {"0": 0.330078125, "1": 0.330078125, "2": 0.330078125, "3": 0.016357421875, "4": 0.291015625, "5": 0.291015625, "6": 0.02734375}, "20": {"0": 0.33203125, "1": 0.33203125, "2": 0.33203125, "3": 0.01904296875, "4": 0.30078125, "5": 0.30078125, "6": 0.0281982421875}, "21": {"0": 0.328125, "1": 0.328125, "2": 0.328125, "3": 0.0284423828125, "4": 0.310546875, "5": 0.310546875, "6": 0.0308837890625}, "22": {"0": 0.3359375, "1": 0.3359375, "2": 0.3359375, "3": 0.020263671875, "4": 0.318359375, "5": 0.318359375, "6": 0.0308837890625}, "23": {"0": 0.34375, "1": 0.34375, "2": 0.34375, "3": 0.01507568359375, "4": 0.326171875, "5": 0.326171875, "6": 0.030517578125}, "24": {"0": 0.341796875, "1": 0.341796875, "2": 0.341796875, "3": 0.015869140625, "4": 0.330078125, "5": 0.330078125, "6": 0.030517578125}, "25": {"0": 0.34765625, "1": 0.34765625, "2": 0.34765625, "3": 0.0174560546875, "4": 0.33984375, "5": 0.33984375, "6": 0.03173828125}, "26": {"0": 0.333984375, "1": 0.333984375, "2": 0.333984375, "3": 0.0283203125, "4": 0.353515625, "5": 0.353515625, "6": 0.03466796875}, "27": {"0": 0.357421875, "1": 0.357421875, "2": 0.357421875, "3": 0.0296630859375, "4": 0.369140625, "5": 0.369140625, "6": 0.0380859375}, "28": {"0": 0.353515625, "1": 0.353515625, "2": 0.353515625, "3": 0.03564453125, "4": 0.3828125, "5": 0.3828125, "6": 0.04296875}, "29": {"0": 0.380859375, "1": 0.380859375, "2": 0.380859375, "3": 0.03173828125, "4": 0.396484375, "5": 0.396484375, "6": 0.048095703125}, "30": {"0": 0.361328125, "1": 0.361328125, "2": 0.361328125, "3": 0.06591796875, "4": 0.40625, "5": 0.40625, "6": 0.060791015625}, "31": {"0": 0.333984375, "1": 0.333984375, "2": 0.333984375, "3": 0.08447265625, "4": 0.34765625, "5": 0.34765625, "6": 0.08056640625}}