{"0": {"0": 0.01116943359375, "1": 0.01116943359375, "2": 0.01116943359375, "3": 0.001434326171875, "4": 0.06494140625, "5": 0.06494140625, "6": 0.00139617919921875}, "1": {"0": 0.04638671875, "1": 0.04638671875, "2": 0.04638671875, "3": 0.0028533935546875, "4": 0.08837890625, "5": 0.08837890625, "6": 0.0020294189453125}, "2": {"0": 0.1650390625, "1": 0.1650390625, "2": 0.1650390625, "3": 0.00323486328125, "4": 0.111328125, "5": 0.111328125, "6": 0.003143310546875}, "3": {"0": 0.2001953125, "1": 0.2001953125, "2": 0.2001953125, "3": 0.006195068359375, "4": 0.1318359375, "5": 0.1318359375, "6": 0.00518798828125}, "4": {"0": 0.1767578125, "1": 0.1767578125, "2": 0.1767578125, "3": 0.01043701171875, "4": 0.1484375, "5": 0.1484375, "6": 0.0081787109375}, "5": {"0": 0.203125, "1": 0.203125, "2": 0.203125, "3": 0.0123291015625, "4": 0.1630859375, "5": 0.1630859375, "6": 0.01019287109375}, "6": {"0": 0.208984375, "1": 0.208984375, "2": 0.208984375, "3": 0.0186767578125, "4": 0.169921875, "5": 0.169921875, "6": 0.0118408203125}, "7": {"0": 0.21875, "1": 0.21875, "2": 0.21875, "3": 0.025146484375, "4": 0.171875, "5": 0.171875, "6": 0.0125732421875}, "8": {"0": 0.234375, "1": 0.234375, "2": 0.234375, "3": 0.0291748046875, "4": 0.17578125, "5": 0.17578125, "6": 0.01324462890625}, "9": {"0": 0.23828125, "1": 0.23828125, "2": 0.23828125, "3": 0.0303955078125, "4": 0.177734375, "5": 0.177734375, "6": 0.0140380859375}, "10": {"0": 0.2431640625, "1": 0.2431640625, "2": 0.2431640625, "3": 0.0291748046875, "4": 0.1796875, "5": 0.1796875, "6": 0.01397705078125}, "11": {"0": 0.25, "1": 0.25, "2": 0.25, "3": 0.03466796875, "4": 0.181640625, "5": 0.181640625, "6": 0.0142822265625}, "12": {"0": 0.2333984375, "1": 0.2333984375, "2": 0.2333984375, "3": 0.03759765625, "4": 0.1787109375, "5": 0.1787109375, "6": 0.01458740234375}, "13": {"0": 0.26171875, "1": 0.26171875, "2": 0.26171875, "3": 0.03759765625, "4": 0.1845703125, "5": 0.1845703125, "6": 0.01611328125}, "14": {"0": 0.2578125, "1": 0.2578125, "2": 0.2578125, "3": 0.041259765625, "4": 0.193359375, "5": 0.193359375, "6": 0.0172119140625}, "15": {"0": 0.255859375, "1": 0.255859375, "2": 0.255859375, "3": 0.03271484375, "4": 0.2021484375, "5": 0.2021484375, "6": 0.0196533203125}, "16": {"0": 0.2451171875, "1": 0.2451171875, "2": 0.2451171875, "3": 0.031494140625, "4": 0.212890625, "5": 0.212890625, "6": 0.0194091796875}, "17": {"0": 0.25390625, "1": 0.25390625, "2": 0.25390625, "3": 0.0257568359375, "4": 0.2197265625, "5": 0.2197265625, "6": 0.021240234375}, "18": {"0": 0.263671875, "1": 0.263671875, "2": 0.263671875, "3": 0.01190185546875, "4": 0.2265625, "5": 0.2265625, "6": 0.0201416015625}, "19": {"0": 0.263671875, "1": 0.263671875, "2": 0.263671875, "3": 0.010986328125, "4": 0.2333984375, "5": 0.2333984375, "6": 0.0201416015625}, "20": {"0": 0.263671875, "1": 0.263671875, "2": 0.263671875, "3": 0.012939453125, "4": 0.240234375, "5": 0.240234375, "6": 0.0206298828125}, "21": {"0": 0.26171875, "1": 0.26171875, "2": 0.26171875, "3": 0.0191650390625, "4": 0.2490234375, "5": 0.2490234375, "6": 0.0225830078125}, "22": {"0": 0.267578125, "1": 0.267578125, "2": 0.267578125, "3": 0.0137939453125, "4": 0.25390625, "5": 0.25390625, "6": 0.0225830078125}, "23": {"0": 0.2734375, "1": 0.2734375, "2": 0.2734375, "3": 0.0106201171875, "4": 0.259765625, "5": 0.259765625, "6": 0.022216796875}, "24": {"0": 0.271484375, "1": 0.271484375, "2": 0.271484375, "3": 0.01080322265625, "4": 0.265625, "5": 0.265625, "6": 0.022216796875}, "25": {"0": 0.27734375, "1": 0.27734375, "2": 0.27734375, "3": 0.0115966796875, "4": 0.271484375, "5": 0.271484375, "6": 0.0230712890625}, "26": {"0": 0.265625, "1": 0.265625, "2": 0.265625, "3": 0.0189208984375, "4": 0.28125, "5": 0.28125, "6": 0.025146484375}, "27": {"0": 0.283203125, "1": 0.283203125, "2": 0.283203125, "3": 0.019287109375, "4": 0.294921875, "5": 0.294921875, "6": 0.027587890625}, "28": {"0": 0.28125, "1": 0.28125, "2": 0.28125, "3": 0.024169921875, "4": 0.3046875, "5": 0.3046875, "6": 0.03125}, "29": {"0": 0.302734375, "1": 0.302734375, "2": 0.302734375, "3": 0.0191650390625, "4": 0.31640625, "5": 0.31640625, "6": 0.034423828125}, "30": {"0": 0.287109375, "1": 0.287109375, "2": 0.287109375, "3": 0.047607421875, "4": 0.32421875, "5": 0.32421875, "6": 0.043212890625}, "31": {"0": 0.265625, "1": 0.265625, "2": 0.265625, "3": 0.059326171875, "4": 0.27734375, "5": 0.27734375, "6": 0.053955078125}}