{"eval/loss": 14.39020824432373, "eval/runtime": 0.7222, "eval/samples_per_second": 13.847, "eval/steps_per_second": 1.385, "train/epoch": 3.0, "train/global_step": 18, "_timestamp": 1742968649.3150287, "_runtime": 32.297818660736084, "_step": 4, "train/loss": 3.5897, "train/grad_norm": 754057.5625, "train/learning_rate": 8.888888888888888e-06, "train_runtime": 35.0907, "train_samples_per_second": 7.694, "train_steps_per_second": 0.513, "total_flos": 297303465000960.0, "train_loss": 3.5073542065090604, "_wandb": {"runtime": 31}}